frequency,magnitude
0.000000,83324.7381
0.000005,80.5473
0.000011,36.5046
0.000016,5.5204
0.000041,5.7435
0.000065,1.1028
0.000135,6.3519
0.000220,1.9773
0.000236,7.7966
0.000265,3.1048
0.000334,8.3026
0.000361,3.3009
0.000444,8.5758
0.000538,1.1183
0.000700,4.9351
0.000832,1.1872
0.000903,6.3149
0.000951,2.2528
0.000965,6.7939
0.000978,1.8425
0.001010,5.7596
0.001086,1.7517
0.001107,5.8146
0.001126,1.7221
0.001184,4.2625
0.001249,1.4106
0.001323,4.6524
0.001359,1.3865
0.001364,6.0
0.001370,2.279
0.001389,6.4476
0.001418,2.4385
0.001456,6.6879
0.001495,0.6622
0.001503,4.6071
0.001511,1.8014
0.001534,5.6221
0.001582,2.1529
0.001597,7.6626
0.001614,1.8651
0.001630,4.5582
0.001647,0.6834
0.001660,3.9824
0.001677,1.5805
0.001727,6.4973
0.001815,1.0986
0.001843,8.1794
0.001897,2.0089
0.001917,12.8762
0.001933,3.7457
0.001962,11.9468
0.002000,4.9479
0.002005,1.909
0.002029,7.8018
0.002049,2.3827
0.002167,6.815
0.002207,15.6535
0.002212,3.6725
0.002253,9.4047
0.002283,3.4531
0.002288,21.3677
0.002300,5.2261
0.002324,12.666
0.002351,4.2769
0.002378,9.7976
0.002408,29.425
0.002416,10.6941
0.002424,3.0268
0.002441,16.8049
0.002457,6.2116
0.002472,30.6152
0.002505,12.2617
0.002533,3.2542
0.002542,10.9745
0.002554,1.2207
0.002567,9.4657
0.002587,21.3862
0.002592,2.5368
0.002606,15.7386
0.002620,1.1808
0.002629,13.1622
0.002641,4.0801
0.002664,20.0236
0.002679,2.4134
0.002692,15.8411
0.002701,1.9792
0.002767,15.5396
0.002842,4.2097
0.002946,24.2795
0.003005,5.1502
0.003036,19.6242
0.003060,7.4548
0.003068,24.7503
0.003076,7.1439
0.003103,19.5762
0.003130,4.1051
0.003236,20.0929
0.003542,46.6184
0.003750,12.8434
0.003755,77.3316
0.003761,10.5423
0.003776,49.6359
0.003788,15.8713
0.003810,51.9772
0.003826,7.9335
0.003845,49.6526
0.003864,5.7611
0.003870,64.6288
0.003875,24.6643
0.003883,61.8112
0.003891,17.1567
0.003897,62.5822
0.003902,5.278
0.003925,65.4601
0.003940,11.6404
0.003962,54.0091
0.003978,4.0557
0.003984,66.684
0.003989,15.05
0.004008,57.2325
0.004027,14.4045
0.004033,62.5347
0.004038,16.8073
0.004073,60.6291
0.004087,3.5588
0.004092,76.4662
0.004098,26.0034
0.004109,68.6438
0.004125,16.7645
0.004137,63.4694
0.004147,5.3469
0.004175,58.6538
0.004207,13.9978
0.004212,84.5434
0.004217,13.8426
0.004227,65.7199
0.004239,16.2907
0.004279,70.1578
0.004310,23.2189
0.004315,78.2462
0.004321,13.029
0.004333,62.8043
0.004342,16.4567
0.004354,58.6063
0.004375,15.5665
0.004517,54.4384
0.004636,10.4292
0.004641,87.7913
0.004647,15.4245
0.004652,75.7898
0.004658,16.6268
0.004663,68.4792
0.004668,17.7191
0.004674,76.7605
0.004679,9.5829
0.004716,53.6757
0.004761,4.4092
0.004766,88.9492
0.004772,7.3336
0.004777,80.9801
0.004783,17.9909
0.004814,65.5086
0.004832,26.6108
0.004837,83.4945
0.004842,4.2978
0.004848,72.4277
0.004853,7.9961
0.004878,62.1576
0.004902,3.0521
0.004932,71.5632
0.004951,29.279
0.004974,78.5417
0.005000,27.4827
0.005012,86.3359
0.005027,22.362
0.005033,97.0334
0.005038,26.1489
0.005052,69.6457
0.005065,14.961
0.005084,78.8655
0.005103,24.5624
0.005141,72.2678
0.005168,15.7518
0.005182,71.2699
0.005196,17.9138
0.005211,72.8889
0.005223,4.4265
0.005233,74.5745
0.005250,6.8978
0.005266,73.2239
0.005277,10.9491
0.005291,67.7051
0.005304,16.0628
0.005316,70.999
0.005332,17.4223
0.005340,68.8033
0.005348,19.8823
0.005353,97.4003
0.005359,24.7994
0.005367,74.1961
0.005375,13.9832
0.005385,74.6352
0.005402,26.1393
0.005435,70.9106
0.005489,29.9708
0.005501,88.5231
0.005516,31.1258
0.005524,90.8151
0.005533,30.45
0.005549,81.0955
0.005576,10.4208
0.005601,75.7456
0.005636,29.3538
0.005644,80.2121
0.005652,17.9977
0.005660,91.5439
0.005668,18.9126
0.005677,75.7631
0.005685,9.5523
0.005735,86.7467
0.005777,15.9668
0.005793,75.3248
0.005810,26.1038
0.005855,77.0468
0.005891,28.667
0.006283,115.6282
0.006505,49.282
0.006574,139.3438
0.006630,58.8546
0.006647,164.1347
0.006674,68.2649
0.006683,189.8697
0.006696,70.3775
0.006755,159.9421
0.006883,523.4138
0.007088,92.6025
0.007149,29.7758
0.007160,11.4437
0.007192,52.2959
0.007223,11.9607
0.007231,68.6754
0.007239,2.1412
0.007249,41.7343
0.007261,7.3946
0.007269,76.6374
0.007277,24.2554
0.007283,9.4816
0.007307,38.5685
0.007342,13.2841
0.007412,59.7013
0.007473,11.2298
0.007508,65.3948
0.007596,93.7278
0.007630,29.5978
0.007666,110.1259
0.007696,42.6961
0.007701,111.1847
0.007707,29.4203
0.007784,103.4387
0.007859,21.5343
0.007867,121.0501
0.007891,49.491
0.007916,129.9688
0.007924,38.8221
0.007933,109.6851
0.007946,18.4686
0.007954,127.8294
0.007962,11.5353
0.007970,70.8064
0.007978,16.6557
0.007986,76.5259
0.007995,9.0194
0.008003,119.9341
0.008011,33.8862
0.008042,90.5837
0.008060,20.8227
0.008101,84.5766
0.008130,30.4533
0.008136,105.7364
0.008141,5.3605
0.008204,76.2274
0.008250,9.9005
0.008270,61.9623
0.008293,19.9807
0.008308,90.227
0.008329,17.9151
0.008407,79.7105
0.008467,30.9491
0.008492,82.6685
0.008516,11.1642
0.008594,78.2443
0.008620,15.403
0.008635,108.6277
0.008647,7.3172
0.008786,69.3583
0.008870,14.4591
0.008953,85.4572
0.008989,19.0115
0.009001,95.8905
0.009026,32.2371
0.009045,87.061
0.009098,26.5625
0.009107,69.1194
0.009120,16.1964
0.009153,50.8827
0.009174,9.8684
0.009222,42.4946
0.009266,12.4207
0.009288,61.941
0.009321,18.3025
0.009343,56.041
0.009375,13.092
0.009383,57.0321
0.009391,13.6968
0.009408,66.8343
0.009427,18.7093
0.009458,51.3506
0.009480,15.1534
0.009508,50.2801
0.009533,9.6178
0.009544,77.4497
0.009563,30.5002
0.009573,11.6481
0.009588,65.0725
0.009598,17.3677
0.009607,75.7691
0.009622,11.8307
0.009703,69.7878
0.009739,21.7031
0.009745,89.9458
0.009750,27.8402
0.009839,77.4253
0.009870,24.3948
0.009875,98.5258
0.009880,9.772
0.009886,70.8493
0.009891,10.8938
0.009933,53.5163
0.009984,11.1893
0.009989,73.0052
0.009995,12.9774
0.010007,33.2677
0.010016,87.6063
0.010022,33.6378
0.010027,102.9082
0.010033,9.7072
0.010038,84.9742
0.010052,28.4514
0.010072,98.2156
0.010082,28.1362
0.010087,85.1808
0.010096,25.1388
0.010125,67.141
0.010141,14.4123
0.010273,50.8235
0.010370,10.8388
0.010395,39.701
0.010446,9.2137
0.010451,28.6029
0.010457,70.7507
0.010462,23.014
0.010467,76.675
0.010476,20.2806
0.010484,5.3179
0.010527,21.9242
0.010549,69.431
0.010554,17.7932
0.010560,65.4838
0.010565,3.5112
0.010609,42.6608
0.010647,8.333
0.010652,66.5038
0.010658,6.0975
0.010728,43.1473
0.010804,14.8072
0.010838,43.1625
0.010902,16.5679
0.010999,37.3089
0.011103,6.433
0.011117,37.9586
0.011133,14.763
0.011206,54.4625
0.011274,19.0573
0.011306,55.7285
0.011337,6.7668
0.011353,70.7202
0.011364,24.5034
0.011385,57.1384
0.011397,10.3709
0.011447,54.0271
0.011473,16.1139
0.011501,53.922
0.011516,19.1531
0.011555,51.5607
0.011609,12.6586
0.011632,40.9777
0.011658,8.8198
0.011663,47.5204
0.011675,13.9815
0.011715,35.9629
0.011739,3.6079
0.011765,46.3829
0.011815,6.2188
0.011853,38.4346
0.011904,16.248
0.011962,48.9356
0.011967,7.7045
0.011976,31.4716
0.011986,5.4861
0.012036,30.3525
0.012065,10.6274
0.012215,34.8376
0.012288,7.4434
0.012340,30.2615
0.012399,11.1932
0.012414,60.5122
0.012427,18.329
0.012527,48.6343
0.012641,13.8936
0.012653,47.0784
0.012668,13.8879
0.012674,1.331
0.012730,33.2944
0.012755,6.7403
0.012780,27.5086
0.012804,2.65
0.012810,27.2496
0.012815,3.3629
0.012827,37.7488
0.012851,8.7416
0.012865,45.2715
0.012875,11.3468
0.012936,35.1009
0.013043,8.1907
0.013089,40.7211
0.013141,9.1802
0.013177,38.1058
0.013204,6.0246
0.013218,39.5235
0.013234,5.317
0.013298,35.7163
0.013326,2.7722
0.013336,32.031
0.013355,9.9909
0.013371,41.9008
0.013391,7.953
0.013413,28.1129
0.013457,3.8355
0.013552,48.8431
0.013620,12.0097
0.013629,102.3339
0.013644,41.7735
0.013652,13.588
0.013660,91.6185
0.013681,34.5089
0.013823,116.3072
0.013978,14.0198
0.013990,60.0434
0.014014,23.4792
0.014022,7.6978
0.014039,110.5554
0.014054,24.3898
0.014081,90.5154
0.014098,16.4788
0.014124,81.8574
0.014152,12.0107
0.014223,55.3878
0.014283,12.6482
0.014341,45.9109
0.014380,5.845
0.014392,37.6034
0.014410,4.4855
0.014433,29.3715
0.014457,8.5874
0.014465,36.5396
0.014473,9.3469
0.014509,29.9028
0.014587,8.6246
0.014611,26.9983
0.014644,10.0464
0.014655,62.7473
0.014666,17.3215
0.014677,53.5982
0.014685,16.3819
0.014690,4.9359
0.014906,26.5609
0.015005,4.9474
0.015069,36.8284
0.015174,12.8357
0.015190,38.4713
0.015212,9.0695
0.015217,39.249
0.015223,14.6571
0.015228,40.2067
0.015234,6.8401
0.015239,45.6432
0.015245,7.2446
0.015258,18.9781
0.015279,8.2863
0.015288,32.4752
0.015293,7.1904
0.015348,29.2415
0.015440,5.7161
0.015611,34.5256
0.015788,9.5505
0.015802,34.2559
0.015815,9.2065
0.015821,50.3816
0.015826,9.1933
0.015842,41.9814
0.015853,16.9304
0.015859,45.1225
0.015864,6.3195
0.015878,25.6918
0.015891,6.7547
0.015907,33.4799
0.015929,3.7115
0.015943,29.4647
0.015957,6.6535
0.015968,32.2178
0.015984,6.4914
0.015989,33.3824
0.015995,11.0218
0.016005,29.2104
0.016022,8.7988
0.016033,30.3217
0.016049,7.4184
0.016085,24.548
0.016125,2.6558
0.016139,30.9418
0.016152,11.1488
0.016185,34.6622
0.016207,12.1792
0.016235,40.5242
0.016261,2.4586
0.016281,36.9307
0.016304,15.6911
0.016310,50.5016
0.016315,10.9511
0.016398,42.5164
0.016462,9.3962
0.016476,38.3129
0.016489,14.9698
0.016508,42.9657
0.016533,6.1747
0.016564,51.0713
0.016603,12.8558
0.016650,44.5257
0.016685,16.7726
0.016700,43.1998
0.016715,12.4559
0.016733,39.1418
0.016755,1.7054
0.016791,42.6543
0.016837,10.6489
0.016909,34.9926
0.016995,9.6946
0.017015,33.9815
0.017027,8.9742
0.017033,60.2678
0.017038,19.8581
0.017046,48.7335
0.017054,13.0202
0.017074,40.6937
0.017098,3.4415
0.017106,37.9235
0.017114,3.5152
0.017128,43.9468
0.017141,13.3888
0.017181,34.2749
0.017212,6.4177
0.017245,29.527
0.017272,6.4866
0.017295,38.9503
0.017348,10.5914
0.017363,48.6382
0.017375,11.6584
0.017383,43.2531
0.017391,5.2023
0.017486,44.1985
0.017511,14.775
0.017519,53.0337
0.017527,15.6811
0.017535,45.8799
0.017543,14.8364
0.017559,67.0492
0.017571,10.2803
0.017579,43.2299
0.017587,15.5812
0.017595,56.3647
0.017603,10.2539
0.017611,53.4871
0.017620,12.0611
0.017631,60.8378
0.017647,14.6489
0.017679,46.8735
0.017696,14.8948
0.017704,38.1589
0.017712,9.1861
0.017720,47.4691
0.017728,6.0072
0.017748,48.1102
0.017772,6.873
0.017835,16.9112
0.017875,49.0574
0.017880,12.3759
0.017889,34.5919
0.017897,7.686
0.018008,37.1167
0.018158,0.816
0.018163,19.4997
0.018168,6.1063
0.018181,18.9086
0.018315,46.5247
0.018462,18.4871
0.018549,55.9725
0.018614,18.0026
0.018659,55.4312
0.018720,19.8896
0.018750,58.6388
0.018766,21.102
0.018779,51.437
0.018788,5.9983
0.018980,67.4957
0.019163,12.6637
0.019171,60.6741
0.019214,23.773
0.019280,67.9391
0.019288,19.7822
0.019367,62.0635
0.019424,25.2219
0.019432,74.9783
0.019440,7.9009
0.019589,60.8469
0.019772,21.3598
0.019781,58.8543
0.019793,13.6903
0.019803,46.4464
0.019815,11.4603
0.019832,30.1719
0.019848,6.5728
0.019856,63.0574
0.019868,22.6087
0.019921,59.3899
0.020098,56.6222
0.020152,14.3914
0.020233,59.2179
0.020293,21.2675
0.020303,64.0901
0.020318,16.1788
0.020349,69.7404
0.020370,4.5288
0.020433,71.9261
0.020478,28.5572
0.020496,89.0003
0.020533,28.8641
0.020561,84.9194
0.020603,36.937
0.020624,93.436
0.020639,35.1917
0.020700,102.2461
0.020796,34.5197
0.020823,105.8328
0.020845,27.6405
0.020902,98.0648
0.020962,17.4374
0.020992,67.2939
0.021054,16.286
0.021063,66.7865
0.021071,13.0688
0.021108,84.0776
0.021190,12.6526
0.021212,69.059
0.021228,21.1435
0.021245,115.1815
0.021261,34.5829
0.021278,112.1088
0.021296,29.1248
0.021313,112.4712
0.021326,45.3695
0.021555,256.6093
0.021715,101.0136
0.021755,26.9561
0.021804,5.7799
0.021817,42.3604
0.021868,13.0723
0.021889,43.7814
0.021897,5.8954
0.022072,20.7606
0.022168,2.878
0.022184,25.1036
0.022201,7.5746
0.022209,26.4885
0.022217,10.6352
0.022227,29.9572
0.022239,4.2496
0.022247,15.4386
0.022255,6.2276
0.022261,28.1392
0.022266,3.5093
0.022297,17.0258
0.022321,2.5453
0.022326,11.9549
0.022332,3.5041
0.022337,16.4386
0.022342,6.0384
0.022381,22.9741
0.022397,8.113
0.022418,24.2949
0.022457,2.9516
0.022493,16.0363
0.022531,3.751
0.022567,23.1586
0.022607,10.5142
0.022647,3.9021
0.022704,14.6725
0.022745,3.3815
0.022750,10.3669
0.022755,1.1673
0.022801,19.0661
0.022870,0.85
0.022879,25.1936
0.022894,6.3401
0.023002,18.0694
0.023136,1.6976
0.023183,14.163
0.023212,3.3428
0.023258,11.06
0.023299,2.3895
0.023319,12.2682
0.023332,1.8545
0.023340,18.2457
0.023348,1.94
0.023425,16.7446
0.023500,4.8163
0.023517,20.1102
0.023572,5.8808
0.023600,16.095
0.023630,2.9427
0.023646,22.9239
0.023658,4.7952
0.023663,27.2777
0.023668,5.6995
0.023684,14.0764
0.023720,4.6249
0.023775,11.965
0.023880,2.4125
0.023928,14.4913
0.023973,4.4378
0.023993,21.1998
0.024008,7.3537
0.024016,22.2207
0.024022,5.7766
0.024034,18.013
0.024054,5.7398
0.024064,22.2143
0.024076,7.7689
0.024176,27.7769
0.024266,7.492
0.024306,19.4858
0.024332,4.3827
0.024359,19.771
0.024375,5.3155
0.024474,13.4837
0.024505,44.7034
0.024511,11.1602
0.024590,31.1808
0.024639,9.4014
0.024689,26.5444
0.024747,10.1559
0.024930,30.9049
0.025022,12.9827
0.025027,47.2766
0.025039,18.7873
0.025049,7.6388
0.025079,22.4771
0.025120,7.3297
0.025131,27.8408
0.025147,4.1915
0.025214,19.8522
0.025266,3.9821
0.025287,16.0874
0.025299,3.4186
0.025342,21.1344
0.025380,6.4444
0.025418,20.8542
0.025446,6.7278
0.025514,24.7806
0.025557,3.3778
0.025594,12.6978
0.025648,27.1876
0.025856,3.8546
0.025873,30.356
0.025906,8.1092
0.025958,29.5987
0.026049,3.9874
0.026057,42.7434
0.026065,10.8148
0.026071,30.5782
0.026076,10.3873
0.026100,22.781
0.026152,8.4658
0.026164,23.6558
0.026185,6.6117
0.026190,2.5752
0.026219,16.6825
0.026261,7.0133
0.026346,23.0514
0.026375,4.1377
0.026380,24.0712
0.026386,8.9041
0.026391,39.8688
0.026397,8.0647
0.026405,33.3976
0.026413,3.0429
0.026442,21.7266
0.026473,3.127
0.026478,26.7666
0.026484,2.9439
0.026547,31.5597
0.026620,4.2468
0.026635,21.2885
0.026647,7.4704
0.026659,24.2139
0.026668,1.6946
0.026736,30.9375
0.026783,3.962
0.026788,30.9788
0.026793,9.5403
0.026802,34.6685
0.026810,8.8301
0.026864,25.1247
0.026886,4.5655
0.026891,18.7792
0.026901,7.2654
0.026951,24.9296
0.027038,9.8264
0.027043,25.8089
0.027049,0.6344
0.027095,17.3205
0.027139,52.5295
0.027190,14.299
0.027344,35.9806
0.027463,15.9974
0.027478,5.3652
0.027488,20.5614
0.027573,54.9438
0.027622,19.7133
0.027741,52.2145
0.027832,12.931
0.027852,73.5645
0.027879,21.4009
0.027901,55.7815
0.027913,22.1872
0.027999,57.1699
0.028105,16.9887
0.028126,74.0525
0.028144,28.0085
0.028155,69.4966
0.028166,25.4533
0.028174,5.3466
0.028289,56.653
0.028370,3.1885
0.028421,36.3873
0.028497,9.0836
0.028526,53.7938
0.028554,20.1
0.028560,7.7193
0.028600,34.7097
0.028663,5.4811
0.028686,24.1935
0.028712,0.9253
0.028834,21.6933
0.028891,6.3718
0.028916,27.2189
0.028940,6.1371
0.028959,27.1009
0.028978,2.7577
0.028984,18.3202
0.028989,3.4897
0.029018,27.7048
0.029041,11.527
0.029058,33.6729
0.029082,9.9585
0.029087,1.9987
0.029127,24.7425
0.029163,6.3479
0.029208,20.4286
0.029234,2.9744
0.029239,30.6433
0.029245,5.704
0.029250,30.2752
0.029255,5.6266
0.029283,19.9628
0.029315,4.0127
0.029427,18.8163
0.029523,39.3188
0.029546,15.6899
0.029554,2.6394
0.029560,6.6114
0.029614,20.9452
0.029690,4.4543
0.029852,17.664
0.029927,38.6089
0.029935,8.1331
0.029981,31.3015
0.030022,6.74
0.030033,43.5749
0.030049,9.0919
0.030077,31.4829
0.030120,7.7393
0.030164,28.2356
0.030212,8.9074
0.030220,28.6874
0.030228,11.7038
0.030267,30.8963
0.030315,9.3743
0.030347,32.8022
0.030364,6.8151
0.030401,19.2453
0.030418,5.3855
0.030461,22.93
0.030538,9.3162
0.030590,30.7057
0.030668,12.5232
0.030674,36.2795
0.030679,2.7631
0.030685,40.6233
0.030693,11.4043
0.030712,37.5129
0.030739,3.778
0.030759,27.4089
0.030823,8.8834
0.030852,25.4326
0.030894,6.8778
0.030909,21.2687
0.030918,6.1989
0.031026,29.8931
0.031103,9.0755
0.031111,43.366
0.031122,12.8715
0.031149,37.2003
0.031174,11.043
0.031189,39.6186
0.031224,11.0699
0.031287,27.3899
0.031315,6.1673
0.031325,40.1406
0.031344,5.6191
0.031415,28.9913
0.031451,11.3534
0.031457,36.2302
0.031465,4.181
0.031507,34.4855
0.031543,12.432
0.031559,38.091
0.031573,11.1121
0.031582,3.8104
0.031590,34.459
0.031598,4.9627
0.031623,23.628
0.031652,7.5036
0.031666,28.4865
0.031685,5.821
0.031693,26.1232
0.031701,5.6413
0.031736,27.8991
0.031766,8.2495
0.031795,19.6583
0.031829,6.8432
0.031859,27.659
0.031886,5.0369
0.031916,16.8798
0.031959,7.2955
0.032010,24.1691
0.032065,3.3097
0.032090,27.5521
0.032124,6.7185
0.032141,18.2257
0.032147,4.3978
0.032167,15.8637
0.032196,4.6456
0.032201,31.4322
0.032209,9.4323
0.032226,23.2384
0.032239,2.4436
0.032249,31.7338
0.032275,10.0313
0.032305,32.9927
0.032323,13.2843
0.032334,4.1214
0.032356,12.9634
0.032375,2.4018
0.032380,34.5121
0.032386,10.6836
0.032391,30.0195
0.032397,5.6895
0.032439,17.5676
0.032489,5.0128
0.032508,20.0371
0.032522,6.4966
0.032563,16.4186
0.032582,3.4067
0.032594,29.1699
0.032624,10.7172
0.032685,3.1362
0.032708,15.6583
0.032734,3.1177
0.032850,17.3254
0.032935,5.7729
0.032982,26.3981
0.033005,4.4409
0.033042,19.3068
0.033060,3.2043
0.033077,12.8315
0.033087,37.2451
0.033103,14.5528
0.033114,49.1895
0.033200,17.3242
0.033234,1.6988
0.033239,17.9932
0.033245,4.7111
0.033253,16.0856
0.033261,5.1997
0.033325,19.6865
0.033353,2.4675
0.033454,19.4498
0.033565,3.8712
0.033573,16.9819
0.033582,4.1087
0.033623,15.8163
0.033658,2.8218
0.033754,21.336
0.033837,3.5051
0.033842,9.9381
0.033856,28.9211
0.033870,8.5202
0.033875,28.8355
0.033880,4.5472
0.033935,20.2719
0.033978,5.903
0.034009,21.2806
0.034033,6.883
0.034061,20.1624
0.034076,2.7786
0.034146,19.775
0.034261,3.3954
0.034266,15.3133
0.034272,5.3933
0.034314,36.9702
0.034408,3.5942
0.034420,23.0345
0.034429,6.0237
0.034453,32.9746
0.034467,8.5948
0.034476,44.1286
0.034484,13.5004
0.034489,35.003
0.034501,12.7265
0.034522,4.4841
0.034539,28.1393
0.034576,8.1788
0.034615,23.2051
0.034701,7.1786
0.034715,19.1602
0.034731,53.3535
0.034754,13.6704
0.034791,36.1904
0.034807,5.9108
0.034837,23.3298
0.034891,2.4851
0.034907,23.8081
0.034929,1.5978
0.034980,23.6887
0.035016,0.3868
0.035044,31.298
0.035071,10.9162
0.035094,34.5432
0.035114,10.0668
0.035130,45.7902
0.035147,7.2553
0.035187,19.5415
0.035212,4.6842
0.035226,18.4236
0.035242,6.5083
0.035250,20.186
0.035258,6.7951
0.035281,22.4509
0.035304,5.2729
0.035342,26.6463
0.035370,7.4687
0.035378,31.5742
0.035400,11.0479
0.035442,26.8721
0.035462,7.7522
0.035478,21.3175
0.035495,4.4342
0.035500,20.0481
0.035505,6.8474
0.035527,29.7107
0.035571,6.0109
0.035601,24.3504
0.035630,7.9182
0.035639,20.1484
0.035647,5.6274
0.035668,23.1135
0.035704,6.8155
0.035716,22.4512
0.035728,8.1293
0.035788,25.4657
0.035899,4.6585
0.035970,19.0089
0.036011,3.8556
0.036022,16.3454
0.036038,2.1223
0.036046,17.4343
0.036054,3.1522
0.036063,8.1495
0.036071,1.9421
0.036084,17.5428
0.036098,43.2049
0.036103,1.4098
0.036147,19.1635
0.036177,5.485
0.036185,19.4816
0.036193,2.2935
0.036205,19.1087
0.036217,6.9592
0.036251,24.7669
0.036304,1.5964
0.036314,19.2103
0.036326,7.4852
0.036343,22.7146
0.036375,2.9367
0.036380,25.1155
0.036386,7.7462
0.036401,25.0109
0.036418,4.3996
0.036427,17.1724
0.036435,4.4423
0.036458,14.7071
0.036484,3.1758
0.036504,17.848
0.036533,4.296
0.036548,14.8538
0.036560,3.3432
0.036624,15.6681
0.036662,5.5763
0.036705,14.0739
0.036750,4.5703
0.036767,16.3324
0.036799,4.05
0.036834,21.6666
0.036870,2.9991
0.036875,19.9637
0.036883,6.5292
0.036946,19.5854
0.037030,6.3795
0.037043,21.5674
0.037049,5.3144
0.037065,26.9359
0.037087,1.5846
0.037164,17.3489
0.037239,1.7193
0.037245,5.45
0.037293,16.5986
0.037375,5.3605
0.037380,21.6871
0.037386,4.9361
0.037442,15.3891
0.037495,2.0685
0.037508,5.974
0.037562,20.772
0.037629,4.0026
0.037708,15.548
0.037734,3.4219
0.037765,18.0295
0.037804,4.9842
0.037892,17.5247
0.037951,1.0621
0.037965,23.6684
0.037978,7.136
0.037984,20.5555
0.037992,8.5003
0.038010,33.0139
0.038027,5.37
0.038048,20.2378
0.038060,4.7476
0.038106,17.7324
0.038182,2.8799
0.038253,21.9646
0.038283,5.1818
0.038298,16.753
0.038317,6.3175
0.038389,20.704
0.038435,3.2195
0.038469,20.4246
0.038527,2.3713
0.038543,22.1265
0.038565,8.3742
0.038571,20.9742
0.038576,7.3418
0.038608,19.7938
0.038647,2.0513
0.038667,18.4115
0.038689,7.5158
0.038704,33.4104
0.038712,3.2842
0.038755,15.7189
0.038793,3.501
0.038824,20.5502
0.038859,8.4765
0.038864,26.5773
0.038878,6.7085
0.038891,27.0308
0.038897,5.2234
0.038936,19.0268
0.038989,8.0244
0.038999,30.7272
0.039011,4.1867
0.039076,10.7436
0.039109,26.4167
0.039114,6.2432
0.039138,25.7586
0.039168,4.5353
0.039181,11.283
0.039190,1.7066
0.039204,27.4995
0.039217,2.1566
0.039227,14.6804
0.039239,2.9682
0.039257,13.6004
0.039293,36.2055
0.039302,7.5894
0.039313,24.7414
0.039321,6.7249
0.039333,19.6133
0.039342,3.1627
0.039351,20.4101
0.039367,6.6032
0.039424,17.1075
0.039500,4.2936
0.039550,17.3539
0.039679,6.1122
0.039701,17.8231
0.039739,3.9672
0.039745,22.1156
0.039750,7.84
0.039760,24.7224
0.039786,6.0328
0.039860,15.4022
0.039891,2.4327
0.039980,15.7826
0.040060,4.1342
0.040069,20.2239
0.040082,5.8565
0.040106,21.2524
0.040147,1.912
0.040179,16.0269
0.040250,3.5638
0.040277,13.0713
0.040337,5.3842
0.040369,13.912
0.040386,4.6513
0.040424,20.0653
0.040467,4.9416
0.040488,19.0111
0.040516,5.2856
0.040522,23.391
0.040527,7.5784
0.040533,25.4634
0.040541,7.6891
0.040566,33.1699
0.040588,10.2433
0.040609,3.4724
0.040679,25.1617
0.040728,1.8791
0.040817,11.7556
0.040864,27.785
0.040870,4.097
0.040900,24.8336
0.040935,2.254
0.040940,19.1259
0.040946,3.9647
0.040999,17.4018
0.041114,2.4253
0.041128,20.3248
0.041141,8.5764
0.041166,21.5774
0.041207,5.5829
0.041238,22.1073
0.041274,7.4087
0.041291,19.5055
0.041304,6.7966
0.041352,26.474
0.041389,9.7915
0.041474,24.2124
0.041620,8.4582
0.041625,2.7361
0.041639,11.5411
0.041696,26.4391
0.041837,7.1856
0.041877,20.6249
0.041913,1.068
0.041954,16.9819
0.042066,48.4831
0.042082,2.7431
0.042261,23.7645
0.042435,9.5232
0.042444,48.6315
0.042514,20.4897
0.042582,5.2814
0.042594,25.9567
0.042603,5.7643
0.042611,28.9995
0.042622,9.9633
0.042633,30.874
0.042641,11.6668
0.042660,42.2358
0.042682,3.8171
0.042750,43.9807
0.042798,14.437
0.042810,3.5194
0.042829,27.0264
0.042853,4.4759
0.042868,25.0896
0.042918,61.363
0.042932,17.1326
0.042946,6.6465
0.042972,37.3468
0.043003,9.0891
0.043049,25.8871
0.043130,7.4102
0.043147,20.7528
0.043170,7.6022
0.043192,32.2988
0.043239,6.9322
0.043267,35.5413
0.043321,5.9631
0.043326,20.565
0.043332,3.4631
0.043340,9.0112
0.043351,37.681
0.043375,17.1463
0.043451,6.248
0.043561,20.8597
0.043592,5.5278
0.043672,21.826
0.043793,2.621
0.043802,14.4574
0.043831,42.8529
0.043867,15.4488
0.043878,51.7038
0.043886,5.5161
0.043913,28.8493
0.043946,10.2196
0.043955,42.7359
0.043967,6.8108
0.044019,22.0075
0.044087,4.3433
0.044205,23.89
0.044359,7.7962
0.044367,34.1235
0.044375,5.0766
0.044503,27.0825
0.044625,5.6178
0.044671,34.3121
0.044720,10.2802
0.044731,38.2877
0.044739,6.1504
0.044791,24.2665
0.044826,7.2504
0.044836,24.7374
0.044848,7.4576
0.044882,32.1796
0.044918,7.7552
0.044954,34.1851
0.044989,5.0719
0.044995,13.694
0.045007,35.0675
0.045023,8.8975
0.045052,40.846
0.045065,13.3249
0.045091,37.1958
0.045124,14.4842
0.045140,38.6026
0.045155,8.7115
0.045166,40.2035
0.045174,9.5975
0.045179,33.7079
0.045195,13.8829
0.045215,42.0943
0.045223,9.1767
0.045271,30.3745
0.045307,5.3883
0.045318,28.127
0.045326,1.3959
0.045345,24.1826
0.045367,5.6579
0.045385,35.2407
0.045404,13.1424
0.045413,4.7022
0.045438,24.9369
0.045478,8.4771
0.045488,25.4564
0.045500,6.2093
0.045510,24.33
0.045522,1.4556
0.045527,11.6982
0.045535,35.3703
0.045546,8.9766
0.045565,33.4748
0.045587,8.2447
0.045592,32.1779
0.045598,2.5149
0.045606,24.1992
0.045614,9.8246
0.045622,51.7932
0.045641,15.6639
0.045663,36.7917
0.045675,13.4076
0.045832,34.8911
0.045880,9.8336
0.045899,38.4931
0.045918,11.88
0.045971,33.4202
0.046010,9.0588
0.046056,40.071
0.046092,16.9322
0.046103,6.2018
0.046128,30.7385
0.046152,8.1337
0.046158,29.2741
0.046170,9.6664
0.046183,25.7165
0.046198,9.1788
0.046209,27.1079
0.046220,0.9437
0.046228,6.749
0.046290,39.5663
0.046326,12.5067
0.046332,52.4866
0.046345,20.7653
0.046359,3.6635
0.046368,48.5733
0.046380,4.5581
0.046669,32.6314
0.046788,10.6763
0.046793,39.5064
0.046802,12.0034
0.046834,35.8344
0.046864,9.9515
0.046900,27.0569
0.046943,7.5759
0.046981,21.7545
0.047011,1.8978
0.047158,37.2639
0.047220,14.8904
0.047256,38.6051
0.047280,14.2841
0.047307,48.8799
0.047323,7.9503
0.047352,20.1347
0.047371,48.7391
0.047394,7.7278
0.047419,29.3657
0.047455,4.1497
0.047474,39.7681
0.047486,11.0238
0.047553,33.0126
0.047609,4.352
0.047653,28.6125
0.047698,12.1751
0.047707,4.8478
0.047738,22.1048
0.047783,7.475
0.047791,38.2212
0.047799,1.5122
0.047804,19.52
0.047810,5.1277
0.047957,32.7893
0.048043,10.9163
0.048055,28.7394
0.048071,10.403
0.048079,35.9708
0.048087,10.07
0.048092,31.161
0.048098,11.386
0.048224,34.174
0.048299,5.7471
0.048340,21.2195
0.048364,1.1613
0.048437,24.0912
0.048473,8.7021
0.048507,52.3484
0.048545,21.9898
0.048568,3.7479
0.048645,32.2264
0.048739,5.5924
0.048809,25.1375
0.048864,2.0885
0.048972,22.6123
0.049041,3.5261
0.049064,10.0712
0.049082,2.5693
0.049097,13.7572
0.049174,40.016
0.049209,6.9802
0.049248,26.6659
0.049266,10.6595
0.049283,47.0546
0.049313,16.3656
0.049326,5.5855
0.049361,33.009
0.049424,11.3521
0.049552,28.6482
0.049658,4.853
0.049745,21.17
0.049815,6.4884
0.049823,32.6156
0.049832,10.4014
0.049852,26.9389
0.049864,3.9774
0.049941,20.2755
0.049984,2.9895
0.050012,19.8882
0.050043,2.095
0.050074,18.2059
0.050120,6.3814
0.050174,22.898
0.050245,2.9397
0.050258,18.4988
0.050274,1.8659
0.050304,13.2554
0.050321,4.434
0.050334,21.1009
0.050371,7.8232
0.050428,19.5805
0.050463,6.7646
0.050476,20.9151
0.050484,4.1125
0.050489,12.7636
0.050495,4.684
0.050598,14.9074
0.050807,2.6694
0.050888,16.2716
0.051010,5.0589
0.051037,15.8994
0.051058,5.7723
0.051076,19.9619
0.051082,1.0789
0.051095,12.3905
0.051109,4.3613
0.051117,19.0279
0.051148,5.4833
0.051214,14.0386
0.051266,4.6914
0.051272,12.7773
0.051277,3.298
0.051285,9.8511
0.051296,2.8223
0.051327,16.5256
0.051353,5.0653
0.051359,19.0003
0.051389,7.9797
0.051408,1.5986
0.051465,15.1867
0.051533,5.648
0.051541,15.5004
0.051549,5.9334
0.051569,16.7165
0.051592,2.164
0.051688,15.6638
0.051723,5.0047
0.051731,26.1449
0.051747,10.1452
0.051761,3.2302
0.051787,12.6388
0.051810,1.7024
0.051885,10.2569
0.051951,2.5853
0.051959,11.0673
0.051967,4.7917
0.051973,17.6719
0.051985,6.6902
0.051995,0.8345
0.052000,12.2772
0.052005,1.9587
0.052011,15.1441
0.052019,3.8896
0.052037,11.0633
0.052053,3.8487
0.052068,14.8899
0.052083,5.5313
0.052110,16.1817
0.052130,3.8578
0.052149,12.3065
0.052168,1.8116
0.052177,13.9797
0.052185,2.8321
0.052223,12.604
0.052255,1.8708
0.052269,10.0891
0.052283,25.3479
0.052288,7.5764
0.052293,2.9202
0.052299,12.9479
0.052311,4.6878
0.052323,16.5938
0.052332,3.4118
0.052372,9.8479
0.052397,1.4277
0.052470,11.8841
0.052527,2.4198
0.052560,8.9939
0.052587,3.3759
0.052618,16.4138
0.052655,5.2355
0.052666,13.0843
0.052674,1.7992
0.052694,13.2583
0.052720,4.2167
0.052728,0.3236
0.052829,12.4131
0.052924,3.0939
0.052947,13.1375
0.052967,4.5073
0.052976,14.3833
0.052988,4.5137
0.053051,12.4839
0.053128,1.4822
0.053156,10.2747
0.053179,1.2914
0.053213,11.1039
0.053247,2.0845
0.053368,11.6697
0.053408,5.3432
0.053429,16.5903
0.053462,1.5925
0.053495,8.0444
0.053565,1.6006
0.053577,12.0017
0.053605,3.6238
0.053647,15.3028
0.053687,5.4883
0.053696,1.2848
0.053750,10.5038
0.053777,0.4534
0.053814,10.6591
0.053832,1.2523
0.053837,3.593
0.053849,10.3546
0.053864,1.8973
0.053870,4.9756
0.053879,17.6914
0.053891,1.6264
0.053901,7.3025
0.053913,1.8489
0.053923,15.793
0.053950,3.9273
0.054008,10.9508
0.054027,0.5224
0.054064,9.9575
0.054130,2.3732
0.054140,11.1464
0.054152,2.5448
0.054200,10.437
0.054266,1.6777
0.054280,10.4298
0.054293,4.0094
0.054299,20.1396
0.054304,3.2906
0.054376,10.5764
0.054459,1.4698
0.054470,5.871
0.054478,2.1935
0.054486,13.218
0.054499,3.3635
0.054518,10.6981
0.054527,3.681
0.054581,11.6361
0.054618,2.4055
0.054637,7.0875
0.054647,18.5464
0.054768,7.5973
0.054908,1.1232
0.054938,13.6235
0.054962,2.2788
0.054967,17.9141
0.054976,5.0589
0.054984,1.6189
0.054989,4.8134
0.055008,11.6665
0.055031,2.9816
0.055050,12.2995
0.055060,37.7979
0.055081,8.7708
0.055114,1.36
0.055216,10.0261
0.055245,4.0887
0.055272,12.9405
0.055288,2.5606
0.055302,17.0844
0.055315,2.4819
0.055323,11.1524
0.055332,1.3832
0.055340,12.1516
0.055348,4.0243
0.055393,16.7058
0.055418,4.3793
0.055481,19.6617
0.055516,3.1797
0.055524,15.1951
0.055533,2.2446
0.055548,16.0472
0.055560,2.6818
0.055608,12.4345
0.055658,1.5502
0.055663,0.1798
0.055671,8.1396
0.055679,2.532
0.055782,11.31
0.055929,2.4446
0.055938,7.6835
0.055946,2.0109
0.055955,12.9564
0.055967,0.8296
0.056026,13.9757
0.056160,4.5122
0.056198,13.0687
0.056261,0.8881
0.056279,7.2379
0.056315,18.1257
0.056321,2.3892
0.056420,9.3044
0.056478,2.3182
0.056525,11.0016
0.056579,3.1976
0.056625,10.6638
0.056663,2.7163
0.056668,0.8599
0.056700,7.4325
0.056728,2.9222
0.056736,9.5585
0.056745,2.526
0.056810,10.7125
0.056864,1.662
0.056870,5.029
0.056884,14.9064
0.056905,4.987
0.056995,15.8117
0.057049,2.4384
0.057057,8.7091
0.057065,2.2059
0.057103,10.3022
0.057130,3.3474
0.057163,13.0017
0.057185,2.6689
0.057200,7.4554
0.057212,2.3193
0.057226,8.2803
0.057239,2.4165
0.057247,16.6869
0.057258,7.3207
0.057266,2.3883
0.057307,8.4942
0.057337,3.5908
0.057342,11.4527
0.057348,3.6962
0.057370,10.5485
0.057393,4.1298
0.057432,10.7374
0.057459,3.4993
0.057474,10.4645
0.057501,3.3724
0.057520,8.0487
0.057533,2.5753
0.057606,10.0158
0.057658,2.9671
0.057673,9.713
0.057701,0.6386
0.057713,6.1914
0.057723,18.0795
0.057743,7.0527
0.057758,1.978
0.057847,9.4753
0.057894,3.0233
0.057974,6.8043
0.058016,1.4474
0.058057,7.3209
0.058092,0.8548
0.058098,4.5864
0.058122,11.4566
0.058141,1.5167
0.058248,6.9712
0.058383,2.7599
0.058448,10.3163
0.058484,1.8413
0.058500,9.2477
0.058522,1.9678
0.058558,6.2782
0.058598,0.5603
0.058634,6.4449
0.058658,1.13
0.058777,6.3522
0.058836,15.234
0.058853,5.1986
0.058869,12.0979
0.058886,2.4405
0.058891,8.8473
0.058897,1.5988
0.058905,14.4287
0.058913,1.4695
0.058977,7.7998
0.059027,1.7306
0.059051,8.5532
0.059071,1.4143
0.059113,6.6625
0.059204,2.338
0.059283,9.8167
0.059370,1.1327
0.059385,4.1433
0.059397,1.0876
0.059417,5.4129
0.059432,1.9328
0.059447,13.1835
0.059470,5.5904
0.059478,1.3583
0.059486,11.0288
0.059495,2.4042
0.059503,7.8938
0.059511,0.6681
0.059569,7.2343
0.059609,1.7367
0.059631,8.1586
0.059647,1.4565
0.059683,8.2072
0.059723,2.2913
0.059728,0.6651
0.059744,10.4243
0.059755,2.7624
0.059793,8.4265
0.059818,2.049
0.059858,6.5042
0.059880,16.7386
0.059918,6.4119
0.059951,1.4665
0.060070,8.4497
0.060174,2.4937
0.060182,7.8139
0.060190,2.4103
0.060247,6.7861
0.060329,16.4877
0.060359,4.9793
0.060388,10.2211
0.060516,2.9981
0.060527,8.2275
0.060541,2.9132
0.060561,14.9675
0.060630,4.333
0.060704,9.953
0.060712,2.0592
0.060736,8.7037
0.060755,1.4819
0.060792,8.881
0.060897,2.5712
0.060961,7.9523
0.061057,3.3127
0.061105,8.82
0.061174,0.7433
0.061239,8.9413
0.061288,1.0753
0.061394,7.2943
0.061435,2.8389
0.061440,13.273
0.061452,5.5708
0.061465,1.4853
0.061527,7.7632
0.061603,2.4757
0.061615,8.0513
0.061625,1.2891
0.061639,6.7204
0.061652,1.9978
0.061682,10.8536
0.061757,4.3388
0.061791,14.2659
0.061799,3.2691
0.061884,13.4648
0.061935,0.392
0.061943,3.1723
0.061955,8.9426
0.061967,1.9605
0.061973,8.1195
0.061978,3.1307
0.061988,14.1566
0.062007,1.9339
0.062026,7.2962
0.062049,1.8964
0.062063,7.721
0.062083,2.3143
0.062211,11.1236
0.062416,4.2607
0.062427,11.3932
0.062435,4.2457
0.062471,11.1213
0.062571,2.5551
0.062628,12.5565
0.062671,3.1997
0.062719,11.3297
0.062785,3.9913
0.062793,0.7915
0.062821,12.082
0.062870,3.1087
0.062878,12.9967
0.062886,3.9483
0.062898,14.4138
0.062914,3.3015
0.062988,12.5093
0.063033,2.6647
0.063106,7.7416
0.063192,17.9943
0.063201,1.6546
0.063207,9.0816
0.063212,3.6081
0.063256,10.9269
0.063288,3.4639
0.063312,8.6256
0.063332,2.4149
0.063380,10.3254
0.063527,2.1262
0.063637,10.7237
0.063804,2.0172
0.063878,7.7505
0.063973,0.968
0.064025,12.3278
0.064071,2.2614
0.064092,14.9383
0.064111,3.4385
0.064126,20.3611
0.064139,3.5212
0.064173,16.5666
0.064224,4.3909
0.064318,11.2528
0.064425,3.6244
0.064477,14.3158
0.064557,5.0387
0.064587,14.1811
0.064615,4.7665
0.064639,13.8897
0.064658,3.4283
0.064673,13.7406
0.064690,3.4728
0.064725,12.2679
0.064755,0.9774
0.064958,9.0312
0.065207,2.5374
0.065226,8.8416
0.065245,0.3528
0.065267,4.6577
0.065288,12.226
0.065293,2.2945
0.065355,9.7863
0.065413,2.9865
0.065429,8.4813
0.065444,3.1854
0.065547,12.065
0.065579,4.6621
0.065595,10.5767
0.065609,2.9023
0.065618,13.7418
0.065633,2.2927
0.065644,15.6076
0.065655,3.4752
0.065688,10.729
0.065715,2.1468
0.065768,8.7905
0.065832,1.5831
0.065933,10.9954
0.065997,3.9792
0.066014,16.2462
0.066029,3.1832
0.066038,12.6366
0.066043,2.9365
0.066129,8.9249
0.066196,1.8425
0.066201,9.4081
0.066207,2.4955
0.066231,9.2387
0.066250,3.0338
0.066255,8.0681
0.066261,2.4432
0.066299,8.0722
0.066348,0.993
0.066359,14.3037
0.066375,4.731
0.066391,11.4042
0.066408,2.099
0.066442,8.209
0.066492,2.0309
0.066510,15.6517
0.066527,2.1151
0.066543,12.2068
0.066562,3.0406
0.066589,9.3659
0.066620,3.7932
0.066651,10.8686
0.066698,2.6943
0.066713,12.2617
0.066727,4.6815
0.066770,12.0117
0.066810,2.0059
0.066815,6.9832
0.066823,1.616
0.066834,11.7238
0.066853,3.4005
0.066867,11.5169
0.066875,0.5551
0.066887,15.6668
0.066897,4.7451
0.066909,13.3576
0.066918,2.8389
0.066927,12.811
0.066935,4.8604
0.066943,14.8931
0.066954,3.5506
0.066976,11.14
0.066995,1.9576
0.067068,13.342
0.067130,1.2913
0.067212,13.8467
0.067283,0.7788
0.067379,8.6054
0.067446,3.0576
0.067486,14.4263
0.067524,1.8518
0.067689,12.4691
0.067807,4.2329
0.067822,25.3535
0.067832,6.8304
0.067837,2.6484
0.067860,16.723
0.067886,3.54
0.067924,13.3837
0.067973,3.9367
0.068004,19.316
0.068033,3.3295
0.068082,13.0165
0.068234,3.025
0.068255,22.9297
0.068272,1.6878
0.068297,18.3186
0.068416,7.8578
0.068615,19.2095
0.068753,1.8553
0.068828,14.7503
0.068864,2.564
0.068895,12.8917
0.068918,0.9956
0.068939,6.6882
0.069011,21.6211
0.069061,7.5278
0.069097,21.4492
0.069141,0.6698
0.069187,18.5109
0.069266,3.9451
0.069320,11.8722
0.069357,31.6151
0.069389,12.288
0.069413,2.1248
0.069429,25.4762
0.069457,0.4397
0.069465,6.3574
0.069590,19.1439
0.069712,1.5739
0.069753,21.668
0.069783,7.9882
0.069795,37.0183
0.069830,4.5119
0.069891,22.9206
0.069984,3.0581
0.070037,19.3756
0.070087,1.918
0.070092,6.6133
0.070105,43.1878
0.070114,17.3277
0.070133,6.9121
0.070183,18.0348
0.070212,5.1319
0.070293,22.549
0.070348,2.7297
0.070353,8.4649
0.070374,23.1337
0.070395,8.5512
0.070420,20.8663
0.070436,6.6378
0.070583,21.1991
0.070658,0.4732
0.070681,18.3449
0.070704,4.7726
0.070715,25.4565
0.070723,2.2874
0.070801,19.4384
0.070859,5.2032
0.070883,26.0698
0.070924,4.5489
0.070956,17.7967
0.071000,3.0678
0.071138,18.1527
0.071234,2.9613
0.071239,15.2476
0.071245,1.4243
0.071261,15.986
0.071285,3.9769
0.071348,20.4981
0.071413,4.7861
0.071421,16.7016
0.071429,5.3475
0.071443,22.6878
0.071457,5.4871
0.071462,13.9878
0.071467,1.3797
0.071477,19.8916
0.071489,7.5221
0.071518,21.8811
0.071554,5.8731
0.071563,14.2853
0.071573,3.229
0.071604,16.6379
0.071658,6.2022
0.071666,22.9664
0.071674,2.3399
0.071708,14.9589
0.071728,5.7642
0.071803,17.4047
0.071848,3.9329
0.071857,27.7324
0.071888,10.5518
0.071935,3.1256
0.072016,14.56
0.072082,5.0076
0.072087,14.7805
0.072092,5.3015
0.072112,13.4113
0.072152,1.9698
0.072171,15.4277
0.072190,3.8098
0.072233,21.2881
0.072277,3.7706
0.072315,16.9458
0.072337,2.1508
0.072369,25.3067
0.072390,8.4105
0.072430,19.3919
0.072451,5.4911
0.072465,17.1003
0.072481,6.3998
0.072505,25.0717
0.072564,10.3397
0.072582,0.7596
0.072628,18.774
0.072677,4.1753
0.072693,16.0295
0.072707,3.3561
0.072716,21.3134
0.072728,2.1352
0.072811,22.7698
0.072882,7.9724
0.072909,19.0688
0.072918,2.6295
0.072924,8.5636
0.072932,28.8153
0.072947,10.4776
0.072967,2.9424
0.073019,19.042
0.073092,7.2164
0.073106,19.6397
0.073136,7.3068
0.073192,17.1556
0.073293,2.728
0.073325,16.8885
0.073367,7.5657
0.073375,3.0264
0.073401,16.6248
0.073429,2.9366
0.073451,27.7924
0.073474,8.4041
0.073585,24.3691
0.073654,6.0416
0.073674,16.626
0.073682,4.0134
0.073694,20.9432
0.073709,9.0815
0.073758,25.8941
0.073804,7.572
0.073813,32.9575
0.073821,6.6624
0.073842,30.7436
0.073870,8.9027
0.073891,3.2238
0.073903,24.524
0.073930,6.0844
0.074045,21.0249
0.074168,3.7658
0.074184,27.1882
0.074201,6.9946
0.074248,20.5225
0.074321,2.7934
0.074333,7.3277
0.074342,2.0341
0.074348,5.9387
0.074415,23.4324
0.074489,2.1946
0.074513,25.6088
0.074533,1.8206
0.074564,13.728
0.074582,3.2355
0.074630,16.7271
0.074658,3.1182
0.074742,21.5146
0.074891,1.622
0.074899,5.4347
0.074908,14.4101
0.074913,4.5055
0.074925,19.7396
0.074946,4.8756
0.074958,16.9475
0.074978,3.5767
0.074986,32.3577
0.074995,5.0119
0.075048,25.2798
0.075098,1.1235
0.075138,20.234
0.075174,2.9475
0.075179,7.4529
0.075250,23.7765
0.075310,4.2336
0.075359,22.283
0.075409,9.2417
0.075501,26.8283
0.075598,2.93
0.075628,19.061
0.075666,7.4777
0.075677,20.6363
0.075692,5.9608
0.075718,25.9297
0.075734,5.9065
0.075765,21.5917
0.075789,7.8625
0.075826,29.8628
0.075851,2.5266
0.075880,13.7938
0.075891,4.5491
0.075903,13.3983
0.075921,32.1335
0.075929,7.1768
0.075961,19.2591
0.075989,6.2299
0.075995,1.4473
0.076085,23.6128
0.076208,4.8593
0.076252,12.6916
0.076288,2.2258
0.076337,23.2181
0.076435,6.1639
0.076491,22.8768
0.076576,0.7413
0.076591,12.2452
0.076620,1.6748
0.076628,10.3868
0.076743,30.8229
0.076772,1.8312
0.076780,7.4508
0.076813,21.0195
0.076846,5.5768
0.076865,22.6836
0.076879,8.214
0.076894,22.667
0.076902,5.5083
0.076922,13.1223
0.076935,2.4616
0.076940,11.6331
0.076962,33.8401
0.077007,9.9735
0.077019,32.2646
0.077027,1.6294
0.077035,5.8649
0.077060,20.297
0.077076,4.252
0.077095,27.9304
0.077114,3.2535
0.077216,25.4198
0.077372,4.7562
0.077432,26.2176
0.077511,8.242
0.077582,27.3882
0.077636,9.718
0.077754,25.2113
0.077823,5.7926
0.077966,21.9593
0.078033,7.8221
0.078038,2.0104
0.078123,23.3613
0.078319,8.2953
0.078358,25.115
0.078408,6.486
0.078421,18.6831
0.078435,7.9991
0.078443,19.8337
0.078451,3.7814
0.078457,18.1685
0.078462,6.9486
0.078470,25.4939
0.078485,10.3318
0.078497,27.6056
0.078505,6.1123
0.078534,29.3713
0.078573,12.7507
0.078601,4.7148
0.078648,17.9728
0.078685,2.9242
0.078727,15.9816
0.078769,1.7746
0.078821,26.4235
0.078883,6.5926
0.078901,24.3042
0.078918,8.7975
0.078962,28.1568
0.079008,8.9964
0.079063,21.7366
0.079130,4.6657
0.079146,20.548
0.079158,3.0803
0.079166,10.4694
0.079189,27.6283
0.079217,8.3864
0.079226,21.0776
0.079234,6.3505
0.079254,24.5015
0.079285,6.5365
0.079317,21.1645
0.079348,1.9948
0.079416,19.6884
0.079478,3.2308
0.079618,26.1384
0.079709,6.5461
0.079745,22.1028
0.079793,8.166
0.079811,18.191
0.079848,2.4587
0.079894,18.0593
0.079935,4.3003
0.079957,13.3861
0.079973,4.5339
0.080019,17.1719
0.080064,6.8223
0.080079,18.0287
0.080090,5.454
0.080139,22.4646
0.080168,6.625
0.080204,23.436
0.080239,3.7901
0.080304,21.151
0.080345,8.9136
0.080389,23.6999
0.080505,2.009
0.080519,10.7676
0.080533,3.6537
0.080541,18.2188
0.080549,6.619
0.080590,21.3593
0.080625,4.3466
0.080645,20.2049
0.080658,5.4095
0.080670,18.7224
0.080679,5.6067
0.080688,30.3922
0.080711,9.1561
0.080729,25.6788
0.080745,4.4553
0.080778,22.0549
0.080826,1.3344
0.080836,24.0834
0.080848,2.6716
0.080857,35.3429
0.080870,4.7945
0.080875,26.4458
0.080887,5.8163
0.080931,14.956
0.080986,3.7605
0.081025,17.6168
0.081060,4.9802
0.081158,18.899
0.081209,5.5896
0.081234,16.5298
0.081250,3.5179
0.081274,11.6872
0.081304,2.4044
0.081320,20.5822
0.081342,7.437
0.081367,25.4121
0.081379,9.9817
0.081391,1.8477
0.081511,25.4114
0.081568,4.4878
0.081576,18.8199
0.081582,6.5905
0.081602,21.051
0.081617,8.4503
0.081643,20.5006
0.081679,6.6967
0.081685,19.14
0.081690,7.3267
0.081698,34.9207
0.081709,8.1283
0.081736,22.4719
0.081755,5.071
0.081777,20.4489
0.081813,4.5407
0.081874,27.3569
0.081897,3.1701
0.081905,11.7429
0.081913,3.6174
0.081947,12.0543
0.081973,3.0904
0.081989,10.7477
0.082011,2.6354
0.082030,18.6643
0.082071,2.8674
0.082079,18.8257
0.082087,2.2894
0.082115,25.8569
0.082152,2.7796
0.082187,31.7588
0.082212,4.9918
0.082253,21.4158
0.082372,5.8481
0.082416,22.5327
0.082448,6.5136
0.082467,19.331
0.082489,5.1525
0.082576,18.6796
0.082647,4.9439
0.082655,45.3677
0.082681,14.4771
0.082704,34.78
0.082712,8.1321
0.082726,28.0278
0.082739,6.0024
0.082745,27.7405
0.082753,9.2724
0.082835,23.9358
0.082878,6.3611
0.082889,20.9608
0.082897,4.5944
0.082935,14.0875
0.082978,4.8672
0.083024,13.5759
0.083076,4.713
0.083092,16.3223
0.083120,3.515
0.083137,16.1872
0.083159,2.9656
0.083168,7.4013
0.083255,20.4289
0.083331,6.9205
0.083345,28.8888
0.083353,9.0405
0.083361,24.0739
0.083370,1.6436
0.083375,6.0309
0.083420,22.4653
0.083457,8.0745
0.083515,22.6081
0.083557,5.7044
0.083771,16.0445
0.083870,3.0125
0.083976,16.6302
0.084076,5.0108
0.084086,18.2904
0.084098,7.2531
0.084106,30.2812
0.084146,11.7669
0.084168,4.6655
0.084192,19.9456
0.084212,0.4665
0.084217,10.3033
0.084226,28.8377
0.084234,5.3837
0.084246,20.7774
0.084255,3.9639
0.084261,16.2867
0.084266,3.0898
0.084317,19.9837
0.084342,5.7604
0.084355,20.2575
0.084364,5.7099
0.084391,22.6238
0.084408,2.1608
0.084431,22.9074
0.084451,8.3415
0.084467,26.3891
0.084502,7.5033
0.084519,22.3851
0.084541,9.1808
0.084615,22.2595
0.084745,1.1974
0.084757,7.9095
0.084766,20.3617
0.084772,6.6563
0.084818,19.1225
0.084872,6.6051
0.084887,16.2955
0.084897,1.0411
0.084947,17.2671
0.084989,4.0902
0.085044,16.0844
0.085117,6.2891
0.085131,28.6292
0.085149,5.0645
0.085160,25.407
0.085168,6.2615
0.085181,20.459
0.085190,7.275
0.085204,20.6964
0.085224,7.467
0.085238,1.6396
0.085253,11.6648
0.085264,35.0596
0.085280,8.8898
0.085328,23.1704
0.085356,6.4342
0.085400,15.1605
0.085418,4.3911
0.085424,10.5945
0.085436,26.7693
0.085461,8.8587
0.085507,23.5077
0.085563,5.3666
0.085612,14.6694
0.085658,0.7386
0.085670,17.2787
0.085679,3.5968
0.085712,17.1391
0.085728,3.4788
0.085738,18.6331
0.085750,2.787
0.085783,16.4629
0.085804,4.5525
0.085821,22.1223
0.085837,3.3419
0.085842,11.3434
0.085848,1.3051
0.085856,15.6491
0.085864,2.5754
0.085923,12.3822
0.085962,1.82
0.085967,5.652
0.085973,16.1404
0.085978,3.1024
0.086051,17.0157
0.086141,2.3212
0.086173,20.3548
0.086200,8.7502
0.086291,21.5846
0.086391,4.218
0.086397,19.707
0.086402,4.0973
0.086445,19.8366
0.086516,4.8501
0.086524,22.8222
0.086533,2.0311
0.086561,20.4888
0.086625,4.2794
0.086633,20.9319
0.086641,2.6995
0.086647,15.2447
0.086652,5.6672
0.086676,22.7924
0.086712,2.0049
0.086717,7.081
0.086773,17.5443
0.086845,6.0099
0.086870,26.9892
0.086886,8.6302
0.086894,22.5935
0.086902,3.7484
0.086935,19.4629
0.086957,4.2224
0.086962,12.1097
0.086967,4.6083
0.087015,22.0966
0.087065,3.0705
0.087081,16.499
0.087092,1.4001
0.087105,7.3277
0.087141,17.6138
0.087179,1.4949
0.087207,16.5511
0.087276,4.7648
0.087323,14.7444
0.087383,5.2163
0.087394,13.7203
0.087402,3.5614
0.087441,14.8725
0.087489,2.4222
0.087529,20.522
0.087568,4.1426
0.087591,22.092
0.087603,2.2388
0.087640,18.1365
0.087658,4.0095
0.087678,20.9849
0.087690,2.6148
0.087720,21.2871
0.087755,8.8145
0.087782,20.5553
0.087821,3.0406
0.087829,20.4503
0.087837,4.9522
0.087859,19.5503
0.087878,5.1134
0.087890,15.1239
0.087902,5.4396
0.087910,22.3129
0.087921,6.0143
0.088111,16.7192
0.088228,3.8267
0.088259,20.8004
0.088283,6.4081
0.088288,2.3725
0.088311,17.545
0.088342,4.0747
0.088382,15.8492
0.088446,2.64
0.088470,15.9359
0.088495,2.8125
0.088563,12.3093
0.088620,2.7911
0.088637,20.1987
0.088668,2.3431
0.088677,15.8772
0.088688,4.9953
0.088719,18.3833
0.088766,4.2926
0.088814,17.2057
0.088889,3.5517
0.088901,11.1355
0.088913,32.9259
0.088937,10.9269
0.088963,30.1002
0.088973,3.0288
0.089013,17.5133
0.089038,4.2123
0.089064,13.6698
0.089082,3.7371
0.089087,0.2703
0.089092,4.5121
0.089153,20.5694
0.089185,7.1944
0.089204,17.5075
0.089231,4.1129
0.089247,14.8034
0.089261,4.5557
0.089442,13.3081
0.089582,2.5721
0.089676,16.446
0.089734,2.8002
0.089756,14.1689
0.089772,3.2477
0.089794,22.6236
0.089826,5.3001
0.089887,16.1296
0.089940,3.3172
0.089948,19.1349
0.089963,7.4523
0.089992,20.5107
0.090027,6.1788
0.090035,18.8217
0.090043,7.0409
0.090059,23.2903
0.090082,5.251
0.090103,21.5137
0.090120,1.5988
0.090159,19.1986
0.090196,2.6339
0.090214,22.0979
0.090239,3.3338
0.090267,18.795
0.090315,3.4596
0.090321,14.442
0.090333,5.9034
0.090362,19.4411
0.090409,6.9813
0.090430,24.0473
0.090448,6.9666
0.090459,16.7859
0.090467,4.5916
0.090476,12.1953
0.090484,3.5145
0.090489,12.108
0.090495,2.2402
0.090508,10.9614
0.090522,2.4141
0.090539,26.5011
0.090557,7.4915
0.090572,19.1814
0.090582,4.767
0.090610,16.9374
0.090630,1.5202
0.090646,4.0636
0.090683,13.6118
0.090701,37.0743
0.090707,5.6487
0.090745,20.9903
0.090818,4.1295
0.090833,25.6648
0.090842,2.2275
0.090877,16.8539
0.090927,6.0235
0.090951,16.1954
0.090989,6.6071
0.090997,28.0414
0.091005,9.6909
0.091014,3.1558
0.091032,13.0259
0.091049,1.4201
0.091084,16.1379
0.091122,6.5527
0.091137,20.6416
0.091147,8.8266
0.091155,26.5845
0.091163,2.5801
0.091183,15.6769
0.091212,3.2367
0.091299,19.9128
0.091337,3.6409
0.091369,19.7616
0.091386,1.8177
0.091394,19.1354
0.091402,7.532
0.091435,19.8368
0.091457,7.5587
0.091481,20.3495
0.091522,6.4851
0.091575,17.4402
0.091620,2.2056
0.091685,14.2656
0.091745,3.4885
0.091766,16.8587
0.091804,3.4291
0.091828,18.0906
0.091864,5.1735
0.091876,34.4454
0.091886,6.0271
0.091891,16.2905
0.091897,4.5691
0.091925,17.8224
0.091948,5.3242
0.091976,15.2831
0.092000,5.8366
0.092015,18.683
0.092043,3.0254
0.092049,7.7534
0.092057,20.4166
0.092065,3.1239
0.092121,19.6206
0.092190,4.9434
0.092218,14.0963
0.092266,5.8572
0.092279,23.5739
0.092288,2.4478
0.092315,24.0235
0.092359,4.9808
0.092367,18.3642
0.092375,3.9707
0.092449,20.0787
0.092495,5.093
0.092503,30.6414
0.092527,11.5327
0.092543,2.7183
0.092591,14.4035
0.092630,5.2823
0.092643,27.3755
0.092663,7.959
0.092690,23.2182
0.092772,7.3463
0.092838,19.2215
0.092891,5.3997
0.092899,24.9747
0.092908,2.9523
0.092958,20.1206
0.092989,6.2354
0.092995,1.4264
0.093008,26.7931
0.093022,1.6022
0.093126,13.9367
0.093239,5.3198
0.093245,2.0197
0.093258,9.0765
0.093288,26.5679
0.093313,9.6684
0.093326,2.9543
0.093334,15.829
0.093346,3.2172
0.093361,9.0711
0.093370,2.2474
0.093389,21.0333
0.093413,3.8394
0.093421,18.5296
0.093429,5.3559
0.093475,19.2684
0.093536,6.4106
0.093557,18.1917
0.093572,5.5506
0.093582,26.1328
0.093595,8.2601
0.093611,20.1747
0.093622,4.8635
0.093645,22.1173
0.093675,8.7011
0.093696,22.4354
0.093712,5.4565
0.093726,20.3151
0.093739,4.7655
0.093749,18.7416
0.093761,1.7691
0.093797,18.1668
0.093848,6.9559
0.093856,16.4568
0.093864,5.4327
0.093870,14.7146
0.093882,5.4243
0.093909,29.5939
0.093918,3.8172
0.093931,13.9535
0.093940,4.6518
0.093977,13.0339
0.093995,0.8148
0.094015,17.4258
0.094027,1.2386
0.094151,14.0945
0.094255,2.585
0.094423,15.6941
0.094511,3.653
0.094541,19.7256
0.094576,4.9153
0.094669,18.7203
0.094720,4.0515
0.094785,13.5304
0.094848,1.4393
0.094987,19.4226
0.095011,3.5602
0.095053,18.8518
0.095098,4.2692
0.095107,15.9858
0.095120,2.8054
0.095125,24.7603
0.095130,7.3119
0.095176,19.1258
0.095223,2.3893
0.095228,7.9788
0.095234,1.0887
0.095239,11.0804
0.095245,3.687
0.095265,17.166
0.095293,4.7277
0.095302,16.815
0.095310,5.2071
0.095323,14.5668
0.095340,4.7368
0.095351,23.2329
0.095359,5.7395
0.095368,22.9091
0.095380,3.3353
0.095408,18.4748
0.095435,1.961
0.095440,8.3778
0.095446,2.5172
0.095454,11.1375
0.095462,3.1438
0.095497,13.4648
0.095527,3.2249
0.095548,21.0543
0.095560,6.5668
0.095612,16.2866
0.095658,5.4285
0.095686,18.4805
0.095761,3.6431
0.095766,10.7453
0.095774,31.7036
0.095783,1.9129
0.095815,17.9213
0.095842,7.049
0.095851,23.7475
0.095861,3.2092
0.095872,11.5801
0.095880,34.3162
0.095889,13.0963
0.095899,4.9175
0.095937,18.2555
0.095962,6.0191
0.095978,17.5991
0.096000,4.105
0.096148,19.4486
0.096234,3.7675
0.096273,18.7363
0.096310,3.2615
0.096338,17.7378
0.096364,3.643
0.096451,16.0777
0.096549,3.362
0.096562,17.3579
0.096576,5.1459
0.096654,17.2944
0.096723,2.6125
0.096757,11.5978
0.096829,2.2969
0.096899,17.7049
0.096935,5.0947
0.096950,26.0137
0.096965,4.7001
0.097044,21.9956
0.097082,4.3008
0.097094,24.2969
0.097106,8.2051
0.097178,19.2286
0.097234,4.8485
0.097286,14.1352
0.097332,5.6974
0.097337,0.839
0.097345,5.3709
0.097353,23.6647
0.097359,7.4923
0.097394,17.7993
0.097424,5.2245
0.097429,13.2774
0.097442,5.2998
0.097469,19.4987
0.097484,3.5682
0.097504,15.7928
0.097519,38.9152
0.097544,8.3
0.097566,24.329
0.097582,5.2985
0.097675,16.9337
0.097728,2.3007
0.097744,24.7068
0.097767,8.7179
0.097799,3.3348
0.097821,18.7182
0.097859,3.8718
0.097889,19.4882
0.097918,3.8893
0.097931,11.3697
0.097946,27.0082
0.097965,7.9316
0.097973,26.6543
0.097978,5.7
0.098005,15.6883
0.098027,3.5549
0.098062,19.5066
0.098092,4.4138
0.098105,25.7042
0.098117,4.8624
0.098139,20.1703
0.098162,5.7908
0.098252,21.512
0.098435,1.992
0.098553,14.3297
0.098592,3.4167
0.098610,9.527
0.098647,1.9428
0.098655,13.6456
0.098663,0.9398
0.098668,5.4953
0.098677,21.7758
0.098685,2.2076
0.098697,22.0741
0.098717,3.2367
0.098783,19.3558
0.098875,4.9954
0.098891,18.2763
0.098908,4.2178
0.098923,18.4853
0.098940,4.4647
0.098946,20.5882
0.098951,1.7681
0.098957,4.6665
0.099003,16.7584
0.099054,6.0877
0.099107,16.4135
0.099207,3.7153
0.099235,16.6999
0.099283,2.4357
0.099306,22.9739
0.099332,6.7978
0.099403,21.4959
0.099467,5.4929
0.099503,17.2268
0.099576,7.078
0.099584,27.7178
0.099682,12.4554
0.099761,3.2632
0.099837,16.0545
0.099853,3.5743
0.099861,47.7809
0.099870,3.4624
0.099925,16.141
0.100038,4.5789
0.100052,13.5506
0.100072,4.1553
0.100086,24.9283
0.100105,7.9338
0.100114,0.7002
0.100130,9.4861
0.100152,3.874
0.100164,15.9193
0.100185,3.1706
0.100223,14.6699
0.100288,3.2472
0.100293,1.0708
0.100470,15.1058
0.100641,3.1742
0.100699,18.802
0.100745,5.5207
0.100753,29.826
0.100761,8.6722
0.100766,22.6884
0.100772,5.4447
0.100791,15.6579
0.100810,0.4911
0.100834,18.9058
0.100853,1.3837
0.100894,12.7354
0.100957,1.5063
0.101006,15.5411
0.101054,2.2367
0.101083,15.0738
0.101133,1.8454
0.101141,4.6765
0.101172,14.0448
0.101209,3.1159
0.101234,10.7682
0.101250,2.2376
0.101270,15.2856
0.101293,2.5963
0.101310,23.9765
0.101337,1.0761
0.101342,5.1899
0.101363,16.3272
0.101391,6.1232
0.101524,16.3565
0.101674,5.4286
0.101683,14.5555
0.101696,5.3659
0.101704,32.2665
0.101715,12.6471
0.101723,1.1537
0.101731,23.2437
0.101739,7.0291
0.101747,38.6395
0.101769,12.275
0.101788,4.366
0.101846,14.9281
0.101940,2.3198
0.102075,13.4638
0.102130,3.3622
0.102149,14.4844
0.102168,4.1044
0.102230,13.776
0.102293,2.0135
0.102376,21.0928
0.102424,2.1692
0.102574,17.2238
0.102682,5.4608
0.102777,19.0787
0.102821,4.8176
0.102894,20.8499
0.102943,7.7866
0.102971,24.162
0.102984,3.2279
0.103038,27.9896
0.103076,3.6197
0.103176,21.6841
0.103236,9.261
0.103267,24.3956
0.103290,7.2924
0.103314,21.9243
0.103333,8.9446
0.103469,20.4649
0.103538,3.6373
0.103575,16.9086
0.103592,4.2703
0.103632,14.4612
0.103658,4.6218
0.103686,22.3872
0.103713,6.8703
0.103723,1.9141
0.103743,8.7135
0.103781,21.3022
0.103815,5.4703
0.103825,21.0952
0.103855,8.5888
0.103903,23.2211
0.103924,3.096
0.103932,29.0459
0.103940,6.7906
0.103946,25.0137
0.103951,4.0083
0.103963,17.0901
0.103973,2.4714
0.104008,16.3063
0.104076,1.6923
0.104160,17.7373
0.104250,4.2797
0.104275,11.8197
0.104291,27.5615
0.104303,9.7563
0.104318,3.0535
0.104352,15.2714
0.104408,3.1005
0.104420,24.8878
0.104429,4.2846
0.104443,19.1236
0.104483,6.799
0.104546,19.2991
0.104565,2.4972
0.104599,15.0176
0.104625,4.6493
0.104637,20.5623
0.104647,3.9542
0.104687,18.2554
0.104727,7.8124
0.104749,22.3113
0.104766,2.3273
0.104783,14.0304
0.104804,3.5295
0.104820,24.3194
0.104851,3.5214
0.104980,17.1115
0.105152,1.976
0.105164,22.707
0.105185,3.8344
0.105223,20.9934
0.105266,8.3837
0.105272,28.9419
0.105280,3.4048
0.105291,18.3701
0.105299,3.4239
0.105313,18.9913
0.105326,5.8198
0.105355,20.4461
0.105386,3.6484
0.105399,22.5485
0.105413,5.5125
0.105444,21.4558
0.105467,4.6489
0.105489,22.1056
0.105518,5.0283
0.105550,21.6991
0.105582,3.2704
0.105603,17.0408
0.105620,4.0535
0.105659,15.6565
0.105690,3.587
0.105696,14.6255
0.105701,2.7762
0.105726,15.7633
0.105753,4.5749
0.105813,11.9331
0.105842,2.427
0.105851,30.6281
0.105859,4.9127
0.105870,27.9465
0.105886,6.5816
0.105927,17.4057
0.105951,6.1664
0.105963,16.0401
0.105984,6.1347
0.106016,22.4313
0.106049,4.4126
0.106057,17.4579
0.106065,2.1986
0.106075,7.252
0.106175,21.5752
0.106261,2.5084
0.106266,6.4877
0.106274,30.7233
0.106327,10.1024
0.106406,23.5758
0.106429,4.385
0.106435,27.1812
0.106443,6.2247
0.106461,24.1948
0.106480,7.5037
0.106500,19.4911
0.106505,6.6356
0.106530,23.0249
0.106557,6.698
0.106598,20.0827
0.106630,3.8262
0.106639,9.6572
0.106647,2.99
0.106733,13.8148
0.106867,4.3256
0.106889,12.7862
0.106921,34.6911
0.106942,8.852
0.106965,27.356
0.106995,3.0159
0.107008,19.8366
0.107022,3.2773
0.107037,24.3003
0.107056,8.0898
0.107068,21.8295
0.107080,8.3877
0.107095,31.4303
0.107103,6.7146
0.107135,20.566
0.107170,7.1831
0.107256,17.3291
0.107296,4.1995
0.107325,15.7531
0.107348,3.2952
0.107420,18.3863
0.107457,4.5182
0.107466,14.3538
0.107478,3.7849
0.107521,27.7726
0.107554,6.8829
0.107560,1.7347
0.107604,20.8892
0.107633,5.1582
0.107641,13.8546
0.107647,37.5214
0.107652,11.3885
0.107660,29.9766
0.107668,6.6354
0.107737,15.5691
0.107793,4.0748
0.107839,21.5515
0.107891,4.6391
0.107917,18.1701
0.107984,0.7496
0.108047,14.7586
0.108087,3.2777
0.108103,32.0294
0.108114,5.7024
0.108144,14.6463
0.108185,4.3009
0.108190,11.5754
0.108204,37.722
0.108217,4.9053
0.108229,19.2185
0.108245,5.157
0.108258,25.0551
0.108272,4.89
0.108291,13.2726
0.108315,5.0019
0.108350,18.3758
0.108380,1.7395
0.108392,16.556
0.108421,7.1253
0.108444,26.1379
0.108457,5.2702
0.108482,14.1473
0.108505,4.7622
0.108518,16.8751
0.108527,6.8668
0.108541,23.2452
0.108554,9.404
0.108564,22.0626
0.108576,6.2007
0.108593,30.2023
0.108611,9.3871
0.108620,1.3636
0.108629,5.8711
0.108672,15.7667
0.108712,1.9572
0.108720,15.8909
0.108736,5.884
0.108757,17.3786
0.108770,6.365
0.108856,21.2658
0.108932,5.9506
0.108952,17.7069
0.108962,3.0804
0.108976,16.4715
0.108995,4.3813
0.109010,13.3328
0.109027,2.9696
0.109035,11.5175
0.109043,2.0057
0.109060,19.4682
0.109087,1.9674
0.109096,12.4835
0.109115,3.6595
0.109145,16.3505
0.109185,5.3375
0.109199,19.7002
0.109226,5.28
0.109351,15.6171
0.109424,2.8654
0.109457,18.9598
0.109484,5.8204
0.109553,23.7351
0.109587,6.6263
0.109596,16.7156
0.109617,5.1094
0.109685,16.5608
0.109755,2.8089
0.109776,18.6835
0.109788,3.3068
0.109857,20.516
0.109880,6.7991
0.109894,19.0436
0.109908,3.4131
0.109913,24.4085
0.109918,6.2881
0.110016,16.5214
0.110120,4.4926
0.110125,1.3083
0.110133,10.9825
0.110141,0.9432
0.110151,16.7615
0.110163,4.7148
0.110237,15.4468
0.110364,1.2645
0.110413,16.51
0.110457,3.6264
0.110505,23.4392
0.110538,4.4072
0.110608,19.0634
0.110739,2.6495
0.110764,9.7743
0.110799,2.7535
0.110906,19.1322
0.110962,6.8736
0.110993,20.0644
0.111022,5.532
0.111048,18.8325
0.111076,5.609
0.111108,25.1738
0.111158,6.6254
0.111225,18.8742
0.111299,4.7202
0.111334,17.1877
0.111370,3.3165
0.111385,39.1908
0.111397,0.3743
0.111405,33.5618
0.111416,6.5963
0.111455,15.2244
0.111473,2.1727
0.111486,18.8986
0.111507,5.9913
0.111526,20.3136
0.111545,6.7968
0.111565,16.7142
0.111571,4.7345
0.111576,11.755
0.111582,4.6594
0.111622,13.6905
0.111652,1.0155
0.111748,15.1856
0.111886,1.6517
0.111928,20.695
0.111986,4.3431
0.112006,11.9305
0.112022,3.4711
0.112075,19.3649
0.112185,1.3291
0.112287,17.9583
0.112484,3.7585
0.112511,14.0343
0.112552,5.4334
0.112589,17.8382
0.112614,5.8132
0.112628,19.2623
0.112641,4.3603
0.112689,23.7067
0.112728,4.7092
0.112745,24.577
0.112761,2.4161
0.112784,13.7543
0.112804,1.6158
0.112843,12.9275
0.112935,30.6888
0.113011,5.53
0.113046,22.7974
0.113065,7.1065
0.113075,39.5915
0.113275,11.3483
0.113385,26.4631
0.113405,7.0532
0.113425,25.239
0.113440,0.8901
0.113469,14.7765
0.113495,2.2383
0.113521,8.4497
0.113543,2.3735
0.113563,6.5236
0.113629,16.1448
0.113720,6.104
0.113761,18.8862
0.113815,5.0884
0.113838,23.2731
0.113853,4.8988
0.113899,12.5116
0.113943,31.9608
0.113951,4.8375
0.113978,12.8784
0.113995,5.0803
0.114035,22.4972
0.114090,8.586
0.114130,2.3351
0.114140,14.0386
0.114152,4.8489
0.114200,19.0872
0.114239,3.6882
0.114264,18.4347
0.114304,1.3798
0.114319,24.4121
0.114342,6.511
0.114355,18.3746
0.114364,2.266
0.114452,11.2049
0.114495,3.3757
0.114507,13.9849
0.114523,4.0866
0.114562,17.286
0.114641,2.144
0.114695,14.3241
0.114793,6.1892
0.114817,19.0881
0.114840,6.5813
0.114848,2.5162
0.114996,15.2084
0.115060,6.7758
0.115119,16.3333
0.115179,6.5589
0.115209,19.6964
0.115253,4.7524
0.115272,17.8844
0.115293,3.4114
0.115325,16.2432
0.115370,4.727
0.115378,21.7112
0.115398,7.1498
0.115429,0.8473
0.115456,9.9634
0.115495,2.9288
0.115523,14.9374
0.115554,0.4127
0.115566,5.2405
0.115584,21.5826
0.115592,3.553
0.115642,17.0085
0.115701,3.4908
0.115713,25.9216
0.115740,7.6879
0.115791,23.7038
0.115864,6.7531
0.115901,23.2677
0.115946,5.4032
0.115954,23.9489
0.115962,3.2066
0.116031,11.5511
0.116060,3.1463
0.116080,11.9039
0.116092,4.1093
0.116105,27.7104
0.116126,10.093
0.116141,1.1946
0.116158,15.1153
0.116174,2.1746
0.116214,18.4075
0.116250,6.3055
0.116255,23.2002
0.116261,7.3582
0.116270,25.3828
0.116283,3.8446
0.116291,23.7222
0.116299,5.4223
0.116336,14.346
0.116353,3.6797
0.116419,20.0205
0.116495,5.029
0.116500,12.6106
0.116505,2.5602
0.116571,18.3655
0.116639,6.3415
0.116661,23.1877
0.116685,5.1563
0.116758,18.1478
0.116918,4.3342
0.116964,18.3921
0.117005,2.3557
0.117015,15.4453
0.117027,2.6972
0.117035,29.0932
0.117043,4.8301
0.117065,14.8108
0.117090,2.9968
0.117120,17.9758
0.117136,1.5234
0.117176,18.2005
0.117201,2.8646
0.117232,17.4515
0.117261,7.3814
0.117269,26.8959
0.117277,6.9874
0.117299,22.571
0.117315,6.5576
0.117355,17.3825
0.117391,1.869
0.117401,21.7542
0.117416,2.6648
0.117467,20.5622
0.117499,7.1046
0.117539,17.3332
0.117560,4.3573
0.117614,16.7281
0.117702,4.6945
0.117726,15.4779
0.117759,5.6228
0.117822,17.7025
0.117842,4.4934
0.117867,21.7369
0.117891,1.9407
0.118023,15.6752
0.118114,4.1623
0.118122,13.5508
0.118130,5.0217
0.118153,26.9854
0.118188,11.1875
0.118228,2.554
0.118268,21.6448
0.118315,3.5711
0.118355,14.2844
0.118372,5.3687
0.118439,20.483
0.118484,5.8116
0.118492,28.5153
0.118500,1.0446
0.118526,23.6931
0.118553,5.9158
0.118584,17.7323
0.118603,1.2466
0.118611,11.2732
0.118654,29.8776
0.118683,8.3763
0.118747,21.9267
0.118821,3.8345
0.118911,16.3326
0.118992,6.3326
0.119092,16.6121
0.119152,2.937
0.119183,10.3
0.119215,25.5806
0.119227,4.7832
0.119285,15.1484
0.119337,2.1177
0.119345,7.1931
0.119372,28.6321
0.119402,7.0821
0.119410,28.1888
0.119421,8.9439
0.119429,2.7296
0.119435,12.1507
0.119440,1.2517
0.119446,4.8658
0.119479,18.474
0.119530,5.4612
0.119566,12.7942
0.119590,38.3623
0.119598,14.315
0.119603,5.5946
0.119624,17.0406
0.119636,4.2377
0.119690,17.5428
0.119723,4.8971
0.119728,13.9724
0.119734,2.5906
0.119749,23.7941
0.119770,9.3587
0.119791,27.477
0.119804,2.9577
0.119861,21.6133
0.119902,2.516
0.119912,34.8028
0.119927,11.6336
0.119938,4.5221
0.119977,26.0193
0.120016,2.8454
0.120024,25.9806
0.120033,4.3767
0.120050,22.1116
0.120087,5.9407
0.120212,16.9886
0.120375,1.1643
0.120387,8.6962
0.120399,30.2349
0.120408,8.5083
0.120477,24.2862
0.120620,3.8209
0.120685,23.8463
0.120810,2.4962
0.120830,26.8049
0.120859,8.0083
0.120868,26.6476
0.120887,10.5889
0.120897,3.5654
0.120988,25.2245
0.121035,3.2872
0.121063,24.8608
0.121090,7.8614
0.121141,25.5738
0.121185,8.9679
0.121229,29.4283
0.121323,10.4462
0.121429,34.6183
0.121440,9.0891
0.121446,3.3835
0.121461,20.6839
0.121473,7.1769
0.121510,23.1086
0.121554,3.894
0.121585,21.7902
0.121636,1.6247
0.121641,4.9476
0.121651,16.1802
0.121663,1.6424
0.121744,18.531
0.121826,4.2098
0.121832,15.4228
0.121837,3.445
0.121876,20.2488
0.121944,4.2488
0.121963,32.7583
0.121983,8.7412
0.122035,22.7678
0.122098,2.2065
0.122151,13.2746
0.122190,4.9137
0.122211,13.0512
0.122235,31.2088
0.122266,4.1314
0.122296,21.0598
0.122342,4.1767
0.122358,21.5014
0.122391,7.2943
0.122409,27.177
0.122418,2.8219
0.122435,21.2262
0.122457,1.7769
0.122558,22.7148
0.122663,2.7685
0.122668,7.0036
0.122674,2.611
0.122796,19.8762
0.122918,4.6676
0.122932,23.2452
0.122946,2.1577
0.122951,7.4973
0.122965,22.444
0.122986,7.5509
0.123007,42.6031
0.123019,9.6603
0.123027,3.1312
0.123081,22.6473
0.123109,7.0353
0.123126,17.1805
0.123148,2.098
0.123158,6.9671
0.123185,17.355
0.123215,1.9185
0.123227,13.8085
0.123239,5.1157
0.123321,17.0005
0.123438,5.9361
0.123452,24.6826
0.123462,9.4074
0.123508,24.5938
0.123554,6.3705
0.123570,21.872
0.123595,5.9034
0.123628,26.7438
0.123658,1.5246
0.123681,33.6485
0.123705,8.5229
0.123720,2.7861
0.123743,13.768
0.123774,5.0959
0.123807,26.361
0.123863,7.8426
0.123879,21.9092
0.123891,4.0925
0.123916,20.4147
0.123958,5.7869
0.124028,23.5208
0.124054,6.255
0.124081,23.806
0.124109,6.549
0.124118,27.416
0.124130,5.1834
0.124154,25.7972
0.124185,2.4498
0.124239,19.9152
0.124307,6.4079
0.124334,21.9078
0.124402,2.0096
0.124450,26.6767
0.124489,5.1865
0.124495,1.5234
0.124540,15.7694
0.124554,1.1349
0.124578,11.1005
0.124624,27.8321
0.124647,2.5304
0.124667,12.8791
0.124679,1.1807
0.124685,5.1443
0.124693,24.6751
0.124701,2.8896
0.124739,18.1225
0.124761,7.8433
0.124808,22.3846
0.124883,7.7236
0.124946,27.5856
0.124978,5.6839
0.125050,21.0288
0.125101,5.9073
0.125254,20.5275
0.125364,2.7196
0.125408,17.0532
0.125489,6.9687
0.125513,25.7286
0.125533,2.8254
0.125568,18.7567
0.125598,3.9641
0.125609,15.8927
0.125625,4.7772
0.125642,13.3605
0.125655,3.3824
0.125670,22.9706
0.125679,6.7044
0.125713,16.2934
0.125821,4.2801
0.125833,27.034
0.125842,4.7204
0.125864,23.2324
0.125902,2.9598
0.125928,23.0655
0.125973,2.0854
0.125981,27.7026
0.125992,6.6731
0.126037,18.5701
0.126082,4.9551
0.126118,17.5492
0.126207,4.2416
0.126232,20.595
0.126255,7.3513
0.126268,19.2149
0.126277,6.4773
0.126302,23.7892
0.126326,2.5636
0.126338,12.1258
0.126359,1.05
0.126367,31.0461
0.126375,12.773
0.126387,30.6455
0.126397,6.4471
0.126482,16.5543
0.126573,4.976
0.126602,25.9191
0.126625,4.4039
0.126639,12.8479
0.126652,0.2516
0.126671,19.8014
0.126693,5.863
0.126729,25.188
0.126750,6.2031
0.126760,16.7828
0.126772,6.7747
0.126792,16.5628
0.126821,6.0766
0.126883,14.4453
0.126923,40.6425
0.126935,7.8844
0.126971,21.0533
0.127027,4.1498
0.127098,21.2509
0.127130,8.8184
0.127139,28.8407
0.127147,8.5213
0.127152,27.8956
0.127158,4.1384
0.127174,18.4123
0.127198,5.3996
0.127263,20.4282
0.127299,2.7452
0.127319,11.8934
0.127336,39.1691
0.127359,13.8633
0.127380,2.9603
0.127398,25.151
0.127432,5.2212
0.127496,17.2234
0.127538,5.1246
0.127560,21.5166
0.127583,7.4135
0.127603,23.4492
0.127625,2.0469
0.127645,20.0054
0.127658,6.9345
0.127678,17.0556
0.127690,4.584
0.127711,24.1268
0.127723,3.0508
0.127779,18.9086
0.127842,6.2634
0.127877,19.7328
0.127948,45.83
0.127959,7.1739
0.127967,16.2884
0.127973,2.2561
0.127978,8.6239
0.128047,22.5001
0.128207,2.4309
0.128262,19.0484
0.128293,6.1705
0.128309,16.7106
0.128323,4.8381
0.128336,28.3013
0.128356,10.6527
0.128380,30.2639
0.128397,3.8878
0.128447,20.433
0.128495,1.4477
0.128507,25.3179
0.128516,8.1525
0.128537,25.486
0.128549,5.605
0.128585,20.0023
0.128625,2.1851
0.128639,26.2275
0.128652,8.3994
0.128664,21.0113
0.128679,7.3739
0.128701,20.9933
0.128742,6.6794
0.128784,18.1772
0.128837,2.1928
0.128896,17.3021
0.128951,6.2028
0.128959,25.2937
0.128967,2.3631
0.128977,9.2204
0.129027,27.0244
0.129071,2.422
0.129134,22.5164
0.129250,3.6175
0.129262,24.3265
0.129283,3.8835
0.129345,16.0914
0.129402,1.4677
0.129408,20.6115
0.129413,4.7761
0.129435,23.4281
0.129455,5.5349
0.129509,16.8397
0.129614,3.8704
0.129641,21.8203
0.129658,8.3186
0.129686,25.8469
0.129701,7.5106
0.129730,25.9586
0.129753,3.9421
0.129780,22.9047
0.129804,5.038
0.129812,25.1573
0.129821,3.9043
0.129849,21.6501
0.129875,0.3702
0.129883,21.091
0.129894,8.2541
0.129910,25.6934
0.129924,7.7154
0.129956,21.3495
0.130011,1.2299
0.130126,15.4797
0.130255,4.4146
0.130269,13.2322
0.130285,4.3091
0.130310,17.8172
0.130326,2.7899
0.130334,15.7402
0.130345,3.2481
0.130363,16.5447
0.130375,5.6004
0.130405,14.2101
0.130446,0.5468
0.130509,15.4387
0.130565,4.3299
0.130573,10.6761
0.130584,34.1043
0.130592,7.0855
0.130598,19.0142
0.130603,1.1932
0.130646,15.5043
0.130679,1.9933
0.130774,15.8325
0.130826,3.2757
0.130838,9.7563
0.130853,3.5101
0.130908,23.5731
0.130940,0.5982
0.131033,16.7072
0.131098,3.8892
0.131113,16.6768
0.131125,2.8029
0.131147,11.4803
0.131163,3.1009
0.131171,11.0698
0.131179,3.1704
0.131278,13.8171
0.131462,2.4059
0.131517,20.7113
0.131576,3.6791
0.131608,18.6168
0.131652,5.1184
0.131688,16.3471
0.131701,0.2128
0.131721,20.2308
0.131749,4.4656
0.131772,24.0853
0.131793,7.2489
0.131803,18.2324
0.131818,6.6226
0.131826,1.5227
0.131868,14.3593
0.131920,3.7801
0.131964,16.9125
0.132000,6.8984
0.132070,15.3528
0.132147,2.6898
0.132159,7.7568
0.132187,22.5595
0.132229,5.8717
0.132239,0.8815
0.132247,20.2433
0.132255,7.4936
0.132280,18.5414
0.132304,2.2558
0.132335,14.6288
0.132397,1.6398
0.132409,12.7802
0.132425,4.4511
0.132511,21.1435
0.132560,6.6158
0.132565,17.2566
0.132575,4.9928
0.132602,18.3973
0.132621,6.3807
0.132677,19.8353
0.132707,8.1095
0.132712,3.238
0.132772,17.2527
0.132821,5.2016
0.132829,19.8869
0.132837,1.094
0.132922,23.2951
0.132985,4.3244
0.133020,25.4
0.133043,6.7316
0.133049,18.0176
0.133054,6.1996
0.133143,21.0945
0.133205,8.8571
0.133220,26.0899
0.133228,6.2464
0.133258,21.9146
0.133288,3.8506
0.133349,15.4617
0.133390,2.9031
0.133437,15.437
0.133467,5.5705
0.133477,30.0912
0.133489,4.9581
0.133506,26.8121
0.133522,3.5038
0.133587,20.4553
0.133685,5.1231
0.133732,17.0909
0.133837,1.8729
0.133861,19.6929
0.133880,1.0999
0.133886,9.716
0.133894,25.2635
0.133902,7.0158
0.133926,27.1219
0.133962,5.5223
0.134010,20.8718
0.134033,6.703
0.134064,21.0624
0.134082,7.2308
0.134134,20.4235
0.134204,7.8442
0.134212,2.2608
0.134228,18.9421
0.134250,4.0284
0.134258,17.5644
0.134266,3.9736
0.134286,23.5268
0.134323,3.6954
0.134403,19.036
0.134489,0.3329
0.134495,7.2363
0.134516,21.1248
0.134533,4.3035
0.134541,14.1493
0.134552,3.8073
0.134599,16.876
0.134668,2.5679
0.134685,17.917
0.134713,4.726
0.134753,16.5056
0.134783,3.1446
0.134805,17.1696
0.134821,2.7956
0.134874,24.0258
0.134924,7.6758
0.134940,19.8643
0.134951,2.2343
0.134971,28.2092
0.135027,11.216
0.135139,31.0215
0.135147,8.1894
0.135155,21.9093
0.135163,6.9629
0.135207,25.9932
0.135245,1.3227
0.135274,21.9419
0.135310,1.726
0.135318,8.2706
0.135344,22.4736
0.135364,5.1967
0.135380,19.6448
0.135402,3.8207
0.135412,20.9225
0.135434,7.5219
0.135480,20.4804
0.135538,4.128
0.135550,30.0549
0.135560,11.583
0.135565,1.3238
0.135573,3.5145
0.135584,22.7742
0.135592,6.7785
0.135671,19.1111
0.135743,6.5493
0.135774,39.7649
0.135789,9.499
0.135799,2.2969
0.135804,10.3732
0.135820,29.4829
0.135832,6.5944
0.135901,18.7739
0.135978,5.6188
0.136010,22.742
0.136027,7.2399
0.136035,23.3012
0.136043,6.6383
0.136079,18.085
0.136152,6.5681
0.136158,1.3379
0.136218,20.3466
0.136408,2.3886
0.136428,17.9057
0.136443,4.8184
0.136457,23.2149
0.136473,8.2535
0.136478,2.9754
0.136488,12.2988
0.136500,4.2083
0.136621,17.7259
0.136739,5.182
0.136875,17.8869
0.136984,4.0118
0.137053,22.0639
0.137114,7.3976
0.137149,22.443
0.137179,3.9009
0.137246,21.1382
0.137272,3.4942
0.137280,32.4319
0.137288,6.4424
0.137317,22.0555
0.137348,5.8034
0.137365,17.7369
0.137380,2.816
0.137449,24.8844
0.137565,3.1137
0.137588,16.2897
0.137625,2.6075
0.137669,14.1535
0.137734,5.9939
0.137747,21.1141
0.137761,5.2245
0.137770,17.5552
0.137785,5.3955
0.137832,23.5367
0.137864,7.1687
0.137898,19.6049
0.137951,3.8841
0.137975,13.7384
0.137995,3.2271
0.138025,18.7892
0.138049,4.5878
0.138063,20.3611
0.138076,1.5587
0.138101,18.0322
0.138148,45.2425
0.138287,13.9307
0.138386,3.6841
0.138394,11.814
0.138402,0.0276
0.138457,15.0436
0.138554,4.2339
0.138570,14.7551
0.138582,4.4757
0.138611,20.4882
0.138651,6.1669
0.138663,16.2707
0.138668,4.4675
0.138682,18.4353
0.138700,8.6326
0.138723,27.0988
0.138753,8.0176
0.138764,19.8669
0.138772,0.8529
0.138789,5.9971
0.138819,19.7721
0.138842,2.6547
0.138856,11.089
0.138870,1.9385
0.138912,15.9259
0.138989,0.9966
0.139001,24.3681
0.139022,5.6073
0.139031,25.0821
0.139046,8.1211
0.139073,24.1527
0.139104,6.7938
0.139128,31.8409
0.139141,3.9943
0.139193,22.7798
0.139291,7.0226
0.139299,1.9008
0.139311,22.9178
0.139321,5.9109
0.139345,17.9334
0.139370,3.7983
0.139381,20.5058
0.139397,6.1294
0.139477,25.2482
0.139653,7.575
0.139671,33.3439
0.139682,5.1297
0.139702,21.0564
0.139736,8.2948
0.139745,3.0434
0.139760,14.7645
0.139777,5.2085
0.139791,23.5545
0.139807,7.2664
0.139823,19.506
0.139837,2.7132
0.139859,16.3061
0.139875,5.0465
0.139899,20.9147
0.139931,4.1618
0.139976,16.328
0.140054,2.7814
0.140064,19.1263
0.140076,8.1289
0.140093,26.9563
0.140111,3.6309
0.140136,17.0781
0.140155,4.9129
0.140250,20.4242
0.140288,3.7316
0.140296,23.8995
0.140304,2.7071
0.140335,17.2727
0.140424,5.7424
0.140448,21.7028
0.140467,2.734
0.140507,15.0383
0.140527,1.5491
0.140572,16.2057
0.140619,6.0944
0.140672,16.9136
0.140717,6.9835
0.140729,20.9598
0.140745,1.9093
0.140761,22.6928
0.140783,0.7632
0.140810,12.3123
0.140870,4.7687
0.140885,19.1502
0.140908,3.4516
0.140920,23.7514
0.140929,7.2542
0.140951,21.828
0.140986,5.4162
0.141009,18.65
0.141039,7.7282
0.141049,2.3836
0.141061,14.329
0.141071,2.9737
0.141115,22.9903
0.141152,5.3817
0.141263,20.1209
0.141353,4.5899
0.141373,16.1007
0.141397,0.6244
0.141405,14.659
0.141416,42.8362
0.141424,3.5408
0.141442,15.8131
0.141470,4.6935
0.141490,16.5157
0.141522,4.7446
0.141557,17.4456
0.141587,3.4984
0.141595,16.7916
0.141603,2.5201
0.141609,0.2068
0.141649,15.0589
0.141715,5.5684
0.141731,17.2087
0.141739,0.9735
0.141749,9.8487
0.141761,1.0138
0.141777,11.13
0.141802,2.8055
0.141814,26.4224
0.141826,8.079
0.141954,19.5928
0.142125,2.0393
0.142170,16.4637
0.142239,3.6674
0.142273,13.0113
0.142304,4.4476
0.142342,31.4365
0.142372,11.9895
0.142380,4.5213
0.142396,12.0854
0.142435,32.1068
0.142451,7.6895
0.142463,33.271
0.142484,10.5767
0.142514,26.2197
0.142543,3.6091
0.142591,15.9495
0.142639,5.437
0.142659,23.7635
0.142696,4.9828
0.142705,21.0471
0.142720,6.9454
0.142745,27.7264
0.142764,7.0651
0.142796,18.915
0.142832,6.2654
0.142847,15.4777
0.142864,2.1602
0.142872,8.7376
0.142880,3.0503
0.142896,22.8461
0.142927,6.3669
0.142946,21.3034
0.142967,2.6387
0.142979,20.9104
0.142999,7.135
0.143034,17.6896
0.143065,1.3032
0.143090,9.332
0.143130,3.943
0.143191,19.8376
0.143288,3.2614
0.143505,15.1801
0.143761,5.6255
0.143769,23.4167
0.143777,7.193
0.143831,22.9515
0.143890,5.7296
0.143909,18.8496
0.143918,6.999
0.143927,18.3359
0.143935,4.0306
0.143967,27.2027
0.144026,7.7254
0.144075,20.9274
0.144159,5.7768
0.144171,14.5711
0.144182,5.9528
0.144190,2.3202
0.144206,18.9174
0.144223,7.933
0.144235,20.7341
0.144245,4.7779
0.144258,35.8914
0.144272,9.0471
0.144280,30.3376
0.144288,8.692
0.144325,23.7075
0.144413,7.3851
0.144421,26.9798
0.144429,4.2895
0.144450,23.2721
0.144462,3.5436
0.144499,13.5455
0.144532,34.5807
0.144553,10.6305
0.144568,40.2385
0.144589,16.0197
0.144606,4.2126
0.144620,17.5233
0.144636,5.4391
0.144678,21.7588
0.144707,1.9218
0.144715,24.0038
0.144723,6.4437
0.144782,17.6684
0.144810,4.3542
0.144815,1.0376
0.144821,3.7942
0.144867,24.1929
0.144916,8.7265
0.144934,33.8891
0.144951,5.3356
0.144980,23.5517
0.145000,3.6363
0.145017,23.0116
0.145033,8.2634
0.145066,23.8851
0.145120,2.3054
0.145128,12.2835
0.145140,31.5197
0.145155,9.0565
0.145163,1.4927
0.145175,11.2697
0.145198,30.5362
0.145207,7.7178
0.145216,31.2045
0.145228,4.1768
0.145275,17.7949
0.145326,6.0571
0.145344,20.2522
0.145383,8.9204
0.145428,26.5672
0.145495,2.0861
0.145524,32.0176
0.145575,4.6447
0.145590,11.7351
0.145605,34.0005
0.145618,12.7482
0.145630,3.2973
0.145695,19.0114
0.145768,4.803
0.145805,19.2714
0.145853,2.3416
0.145874,19.7487
0.145886,2.063
0.145989,20.0938
0.146076,1.888
0.146086,34.836
0.146125,12.7669
0.146198,47.277
0.146235,15.3498
0.146288,6.5906
0.146332,28.4453
0.146386,7.9329
0.146412,28.3208
0.146448,10.8065
0.146457,2.6177
0.146472,11.1889
0.146484,3.1965
0.146669,16.4609
0.146804,4.1759
0.146957,29.8886
0.146997,9.1709
0.147042,30.1867
0.147092,5.2748
0.147133,23.0385
0.147163,7.9529
0.147203,22.6417
0.147348,2.3561
0.147353,6.2676
0.147383,17.1671
0.147408,3.5658
0.147429,16.9972
0.147465,2.5312
0.147476,25.9205
0.147484,5.6507
0.147512,16.7293
0.147533,3.204
0.147605,19.7214
0.147647,8.2009
0.147655,38.6994
0.147674,14.9179
0.147696,2.4287
0.147704,10.6057
0.147712,0.8268
0.147717,3.8118
0.147752,15.8277
0.147833,4.1655
0.147873,29.3468
0.147918,4.6932
0.148012,14.2957
0.148087,1.7647
0.148095,26.8995
0.148103,2.3278
0.148111,30.049
0.148126,9.5305
0.148178,25.4047
0.148228,7.0471
0.148284,25.8027
0.148375,4.9787
0.148380,20.106
0.148386,5.5082
0.148402,24.9438
0.148424,2.0165
0.148429,5.3731
0.148570,20.229
0.148679,3.704
0.148693,12.5569
0.148713,5.0394
0.148749,27.3758
0.148788,8.1265
0.148804,20.4278
0.148821,3.1583
0.148836,18.2331
0.148853,3.2547
0.148870,14.0589
0.148891,4.5325
0.148899,13.8376
0.148908,3.9598
0.148934,15.8719
0.148984,6.6605
0.149005,21.3096
0.149022,3.8175
0.149031,9.3989
0.149091,25.2551
0.149166,7.0598
0.149255,24.4594
0.149337,10.5423
0.149342,3.9863
0.149379,16.0705
0.149418,2.1042
0.149466,22.0074
0.149522,1.5935
0.149531,15.3577
0.149543,4.4178
0.149567,14.1
0.149601,31.5562
0.149625,7.0775
0.149630,2.0152
0.149636,16.4477
0.149641,5.1268
0.149668,28.1388
0.149696,7.0451
0.149829,24.1409
0.149870,3.7119
0.149878,18.8192
0.149886,4.1151
0.149912,21.0895
0.149946,2.4811
0.149968,15.4853
0.149984,2.0433
0.150036,16.1136
0.150082,0.1746
0.150132,18.4105
0.150185,4.7866
0.150285,19.8496
0.150315,3.1573
0.150346,22.5945
0.150393,6.9795
0.150428,19.9848
0.150443,3.6229
0.150451,0.8033
0.150465,20.8276
0.150481,4.5723
0.150511,19.8118
0.150527,6.9599
0.150607,23.463
0.150673,6.3633
0.150711,16.0417
0.150728,0.8542
0.150736,5.8992
0.150751,18.093
0.150766,4.7657
0.150905,17.8998
0.151022,3.8379
0.151037,10.5211
0.151052,27.6291
0.151084,9.3625
0.151154,24.2054
0.151207,5.7028
0.151212,14.5373
0.151220,35.8574
0.151537,12.6327
0.151598,1.2114
0.151603,9.9854
0.151615,27.8249
0.151625,9.6082
0.151647,23.8662
0.151688,8.2475
0.151698,24.1692
0.151715,10.4197
0.151745,24.713
0.151761,2.0487
0.151794,19.9375
0.151815,3.0425
0.151848,24.4561
0.151897,10.2067
0.151948,33.8718
0.151957,4.9117
0.151965,27.6972
0.151973,6.1478
0.151986,15.2441
0.152003,2.1335
0.152022,17.5055
0.152033,4.8459
0.152041,47.453
0.152067,19.257
0.152087,2.5951
0.152159,18.7209
0.152207,6.5642
0.152242,24.4708
0.152299,4.4063
0.152319,22.5182
0.152332,8.4961
0.152345,24.6114
0.152404,9.9495
0.152432,25.4184
0.152459,11.0058
0.152500,1.9577
0.152611,24.7925
0.152663,3.3926
0.152680,20.3373
0.152696,4.6003
0.152721,27.6726
0.152764,7.0504
0.152779,23.2997
0.152791,3.2771
0.152834,15.3167
0.152897,6.0636
0.152921,26.6372
0.152943,3.6037
0.152965,18.3698
0.152989,7.0093
0.153078,22.4039
0.153136,2.0948
0.153156,17.8839
0.153168,4.0235
0.153279,18.3371
0.153353,5.6257
0.153401,16.1485
0.153444,5.4768
0.153591,21.0343
0.153690,5.8373
0.153752,21.8509
0.153788,3.1985
0.153834,15.4661
0.153848,5.1835
0.153865,21.499
0.153883,7.2728
0.153917,22.6159
0.153954,7.107
0.153967,2.2864
0.154003,13.332
0.154027,3.7933
0.154060,12.829
0.154082,2.9789
0.154125,27.3967
0.154212,3.7461
0.154253,14.7321
0.154283,4.472
0.154295,12.6865
0.154315,4.3889
0.154359,21.4679
0.154444,6.2211
0.154459,19.3118
0.154467,2.2911
0.154531,21.4588
0.154582,4.9286
0.154595,21.0993
0.154611,8.6821
0.154673,24.4862
0.154728,1.8046
0.154826,14.0141
0.154905,2.6725
0.154916,6.4448
0.154989,18.2318
0.155109,6.0977
0.155117,17.3332
0.155125,7.0183
0.155193,19.0647
0.155266,1.7528
0.155279,7.773
0.155291,22.2064
0.155302,5.3375
0.155314,20.4313
0.155326,5.8903
0.155344,15.3106
0.155395,5.449
0.155410,17.2761
0.155421,3.7072
0.155505,17.3446
0.155549,1.1772
0.155573,22.1745
0.155598,3.7996
0.155606,31.577
0.155614,10.9854
0.155620,3.3969
0.155628,19.3567
0.155636,4.3109
0.155677,14.8047
0.155707,1.8571
0.155719,16.9638
0.155739,6.7207
0.155755,23.045
0.155783,3.7093
0.155806,20.432
0.155837,7.1402
0.155860,18.8445
0.155886,2.5674
0.155942,14.8298
0.156016,3.527
0.156093,15.2399
0.156162,4.0595
0.156265,14.9728
0.156310,5.6551
0.156348,15.3367
0.156370,4.2489
0.156461,15.7195
0.156516,3.4204
0.156537,15.851
0.156549,4.5653
0.156554,11.1131
0.156562,4.4494
0.156575,19.3807
0.156587,4.8332
0.156606,21.3397
0.156628,5.4589
0.156710,17.1428
0.156772,6.0144
0.156816,16.5388
0.156837,2.4918
0.156846,15.3767
0.156859,5.0962
0.156864,14.0076
0.156870,4.6839
0.156900,15.6077
0.156935,1.3064
0.156988,11.9893
0.157035,3.6621
0.157096,13.4955
0.157136,5.0186
0.157149,18.6959
0.157163,1.7065
0.157208,14.7942
0.157255,6.2394
0.157264,27.4174
0.157272,4.4988
0.157324,18.8089
0.157380,2.5542
0.157421,15.6184
0.157465,2.7308
0.157533,12.7231
0.157622,4.8544
0.157655,15.5338
0.157701,3.3625
0.157717,9.201
0.157746,27.0241
0.157755,6.7837
0.157768,16.5633
0.157780,3.6466
0.157788,1.353
0.157871,16.8408
0.157957,5.1293
0.157971,14.6539
0.157995,2.8747
0.158008,12.3616
0.158022,2.7769
0.158148,8.9045
0.158246,19.7665
0.158272,3.2014
0.158374,12.5861
0.158424,2.9427
0.158429,9.7246
0.158435,3.4382
0.158443,14.8101
0.158451,3.0275
0.158518,15.5128
0.158549,1.1542
0.158561,16.8826
0.158571,4.7645
0.158583,11.2073
0.158592,2.7207
0.158621,12.0168
0.158652,2.2126
0.158668,12.756
0.158679,2.1312
0.158703,12.4338
0.158723,2.7581
0.158764,12.7489
0.158788,0.8177
0.158891,9.8803
0.158954,27.0794
0.158966,9.9218
0.158978,3.2664
0.159038,11.9146
0.159133,3.0007
0.159207,12.2338
0.159310,4.9272
0.159329,13.1159
0.159337,5.1483
0.159367,16.0697
0.159399,3.8327
0.159414,16.3603
0.159429,3.7955
0.159438,15.801
0.159446,5.0739
0.159511,13.8471
0.159587,3.3069
0.159595,13.2304
0.159603,3.214
0.159656,11.9181
0.159712,3.2472
0.159743,8.7547
0.159848,1.3993
0.159881,12.8677
0.159902,3.2862
0.159976,10.1111
0.160033,1.2236
0.160069,6.3704
0.160103,2.6007
0.160488,15.9745
0.160685,5.8718
0.160690,2.0619
0.160704,6.0253
0.160717,2.3612
0.160730,11.5493
0.160750,4.6531
0.160793,14.3867
0.160823,2.7328
0.160838,10.1315
0.160853,1.4172
0.160873,10.3357
0.160897,2.104
0.160918,8.7625
0.160935,3.2421
0.160940,12.2441
0.160948,4.3467
0.160957,13.6148
0.160962,1.2899
0.160974,16.0683
0.160984,0.9878
0.160989,0.2485
0.161025,9.069
0.161098,24.7147
0.161107,7.5397
0.161120,2.2857
0.161139,15.8558
0.161158,4.2555
0.161256,11.02
0.161348,1.2818
0.161419,7.8284
0.161500,1.1376
0.161592,8.7417
0.161723,2.3965
0.161774,8.3912
0.161837,2.4541
0.161849,8.6373
0.161870,3.5019
0.161879,17.083
0.161946,6.399
0.161989,1.8868
0.161999,15.7017
0.162024,5.292
0.162049,1.3012
0.162088,14.8801
0.162125,4.5433
0.162133,11.4498
0.162141,3.1233
0.162149,10.8344
0.162158,2.6092
0.162163,9.1815
0.162168,3.6509
0.162201,12.8435
0.162223,4.7782
0.162236,12.5395
0.162250,4.7659
0.162255,0.8052
0.162296,12.8803
0.162347,4.3274
0.162431,11.5064
0.162516,1.7203
0.162544,9.113
0.162571,2.8525
0.162619,8.9053
0.162766,1.1504
0.162814,11.0967
0.162902,4.2179
0.162946,10.2814
0.162986,1.5698
0.163015,11.5625
0.163038,1.3467
0.163050,14.2939
0.163060,4.5523
0.163065,1.8103
0.163073,5.6993
0.163088,15.8905
0.163129,5.9458
0.163147,14.8719
0.163168,5.5982
0.163185,1.2094
0.163227,7.4909
0.163299,1.1887
0.163315,12.4048
0.163340,3.3822
0.163361,12.1843
0.163393,3.7286
0.163440,8.9377
0.163462,1.956
0.163486,11.9326
0.163511,2.747
0.163615,12.2508
0.163677,4.0247
0.163687,12.0293
0.163698,4.0409
0.163715,17.7782
0.163753,6.1274
0.163793,1.3946
0.163808,10.8398
0.163846,3.8226
0.163872,12.9885
0.163880,3.1662
0.163889,15.2667
0.163899,4.2993
0.163908,0.4456
0.163913,5.3556
0.163932,13.1116
0.163954,3.4378
0.163981,14.9007
0.164011,4.8071
0.164016,1.8806
0.164054,7.4977
0.164103,1.5416
0.164146,8.9859
0.164190,0.5971
0.164243,9.8848
0.164288,2.7062
0.164337,9.3082
0.164370,1.1646
0.164381,5.0917
0.164397,1.7884
0.164402,13.0303
0.164408,1.8792
0.164423,7.4831
0.164440,2.6429
0.164454,9.7951
0.164467,2.5546
0.164502,14.0654
0.164564,4.2675
0.164583,15.593
0.164592,2.6972
0.164620,10.8514
0.164658,2.2974
0.164737,8.1569
0.164777,2.3558
0.164783,5.9088
0.164788,1.6743
0.164817,10.688
0.164845,2.3187
0.164929,9.2506
0.165030,2.0134
0.165038,10.2698
0.165043,2.5214
0.165066,9.0599
0.165082,1.2965
0.165153,8.2722
0.165247,2.0204
0.165289,10.5033
0.165321,0.253
0.165380,9.6497
0.165408,2.9522
0.165431,8.163
0.165451,0.4936
0.165464,7.5115
0.165484,1.8268
0.165524,7.2812
0.165592,2.449
0.165631,8.7787
0.165666,1.2222
0.165695,7.7513
0.165745,0.9335
0.165813,7.0684
0.165902,1.5237
0.165910,8.9798
0.165918,2.9031
0.165931,13.4973
0.165962,5.1517
0.166022,0.5916
0.166045,9.5015
0.166098,2.2866
0.166103,0.6842
0.166111,2.1277
0.166126,4.7138
0.166136,1.4149
0.166144,8.1871
0.166155,1.7817
0.166181,7.0806
0.166201,1.4234
0.166257,8.5628
0.166315,2.3589
0.166363,8.3827
0.166429,0.9256
0.166443,10.437
0.166459,2.6578
0.166491,10.2608
0.166538,1.8736
0.166606,11.6052
0.166647,3.3522
0.166687,8.113
0.166712,1.6594
0.166740,9.2327
0.166761,3.2155
0.166789,10.2737
0.166848,0.7898
0.166860,6.5317
0.166880,1.0245
0.166919,7.8908
0.166978,2.1648
0.166990,9.0426
0.167011,1.9599
0.167035,6.2224
0.167054,1.7918
0.167064,5.8082
0.167079,2.191
0.167098,9.0841
0.167122,3.6936
0.167141,9.7805
0.167158,2.3193
0.167186,7.6357
0.167207,2.1628
0.167226,8.7729
0.167253,3.5092
0.167301,11.1357
0.167375,2.2833
0.167404,9.6329
0.167424,1.3668
0.167468,5.4693
0.167522,2.3242
0.167531,10.0289
0.167552,3.6107
0.167584,8.6256
0.167609,0.6913
0.167621,6.0975
0.167641,1.3792
0.167730,9.7097
0.167792,3.1181
0.167819,9.741
0.167838,3.9002
0.167859,0.8666
0.167864,3.2108
0.167882,7.9435
0.167899,1.4229
0.167912,9.0174
0.167924,3.4464
0.167929,0.7561
0.167935,2.9145
0.167980,10.0383
0.168027,0.5394
0.168047,8.4165
0.168071,3.3564
0.168094,9.9178
0.168114,0.5691
0.168150,7.9433
0.168190,1.3859
0.168270,9.3038
0.168451,1.6579
0.168480,8.4831
0.168511,1.861
0.168536,9.4994
0.168571,2.499
0.168576,6.1972
0.168582,2.3699
0.168611,9.0666
0.168660,2.1132
0.168718,6.9062
0.168777,0.7984
0.168837,7.9005
0.168870,2.2248
0.168881,10.4943
0.168897,3.1858
0.168912,7.5973
0.168929,0.9715
0.168935,6.2393
0.168940,1.7141
0.168952,7.313
0.168966,1.8959
0.168993,7.0069
0.169016,1.7501
0.169054,7.6008
0.169111,2.3295
0.169142,11.9147
0.169173,3.1334
0.169192,10.8558
0.169201,2.7595
0.169231,7.6252
0.169255,1.7304
0.169325,7.8842
0.169440,1.8723
0.169454,10.054
0.169467,1.1839
0.169508,7.5249
0.169549,2.8382
0.169569,9.306
0.169598,2.2544
0.169624,7.3196
0.169696,1.696
0.169751,7.2365
0.169849,2.835
0.169893,8.2864
0.169951,0.9112
0.169957,4.897
0.169969,14.823
0.170017,6.154
0.170038,1.9464
0.170067,8.0414
0.170101,2.5896
0.170117,9.0243
0.170130,0.6724
0.170142,12.717
0.170158,2.9791
0.170173,9.4525
0.170197,3.3898
0.170254,7.9364
0.170293,0.8021
0.170308,6.5832
0.170337,0.9952
0.170345,8.8184
0.170353,0.7498
0.170397,9.3033
0.170429,2.2957
0.170454,8.3245
0.170485,1.7927
0.170505,11.0413
0.170523,3.82
0.170550,13.4565
0.170560,4.0266
0.170674,9.8622
0.170745,2.1608
0.170791,11.4861
0.170932,3.0498
0.170940,1.2399
0.170978,7.2968
0.171005,1.2855
0.171041,6.8101
0.171060,0.5073
0.171072,2.5195
0.171103,11.6931
0.171130,3.5865
0.171213,11.2875
0.171264,4.4739
0.171304,11.2458
0.171326,2.3548
0.171336,9.6361
0.171348,2.4192
0.171381,8.3041
0.171408,2.1673
0.171450,7.736
0.171485,2.7944
0.171505,9.7862
0.171533,2.7056
0.171548,10.2989
0.171560,1.9913
0.171633,6.8156
0.171674,2.8765
0.171679,0.6099
0.171697,6.1661
0.171728,1.5336
0.171746,10.7002
0.171783,1.6202
0.171798,6.4885
0.171821,0.217
0.171834,12.3848
0.171852,4.8389
0.171864,1.6934
0.171876,7.008
0.171889,2.8212
0.171927,9.0786
0.171957,2.647
0.171986,7.4153
0.172016,1.3683
0.172043,11.9715
0.172101,3.7161
0.172144,11.6005
0.172217,4.1725
0.172230,11.9361
0.172250,2.2861
0.172284,8.8816
0.172326,1.4965
0.172336,5.9513
0.172348,0.2815
0.172387,7.7252
0.172421,3.078
0.172466,11.946
0.172502,4.1722
0.172522,9.7159
0.172538,0.2424
0.172579,6.4552
0.172630,1.9547
0.172678,8.7194
0.172788,2.4931
0.172808,8.6089
0.172823,2.3822
0.172832,0.5434
0.172845,3.597
0.172874,10.6164
0.172896,3.9782
0.172939,10.6225
0.172962,1.592
0.172974,3.7203
0.172984,1.0921
0.173038,8.561
0.173076,0.7128
0.173082,7.2595
0.173087,1.2512
0.173095,7.2904
0.173106,1.6534
0.173114,0.3629
0.173210,9.8135
0.173288,3.296
0.173328,9.048
0.173391,2.4658
0.173409,9.0874
0.173443,2.8505
0.173494,9.8637
0.173533,1.58
0.173548,8.7764
0.173560,2.1206
0.173572,7.9109
0.173586,2.8761
0.173601,7.0604
0.173611,17.9761
0.173668,8.0539
0.173735,1.7099
0.173778,7.9712
0.173810,2.0956
0.173894,6.8655
0.174019,2.5014
0.174068,6.1246
0.174092,1.5701
0.174153,6.1136
0.174201,2.1471
0.174213,8.7872
0.174223,2.6769
0.174239,6.5294
0.174261,2.2545
0.174411,6.3069
0.174533,0.8392
0.174552,4.528
0.174575,15.5972
0.174622,5.2472
0.174655,1.6508
0.174745,7.4522
0.174799,2.3964
0.174834,5.9263
0.174872,0.6538
0.174919,6.6569
0.174962,0.8603
0.175011,6.3319
0.175054,0.3043
0.175100,4.732
0.175128,12.0367
0.175136,2.3999
0.175235,6.8704
0.175307,0.6251
0.175323,3.234
0.175355,9.2086
0.175378,3.7881
0.175415,10.463
0.175467,1.5222
0.175473,4.431
0.175481,12.1807
0.175489,2.389
0.175501,11.9482
0.175524,3.92
0.175533,0.3616
0.175565,7.9718
0.175611,1.2427
0.175659,7.0906
0.175696,0.5967
0.175728,9.5126
0.175750,4.0348
0.175755,1.1951
0.175761,3.6816
0.175766,1.1119
0.175772,5.622
0.175777,1.5328
0.175799,7.4768
0.175837,2.4115
0.175865,7.9902
0.175935,2.9337
0.175940,1.0124
0.176003,5.8087
0.176060,1.5134
0.176137,8.1439
0.176207,2.9749
0.176243,8.2068
0.176359,2.3657
0.176375,0.8148
0.176412,10.4732
0.176476,4.4003
0.176503,13.5961
0.176514,4.0657
0.176524,1.2836
0.176560,8.0378
0.176599,2.8131
0.176626,8.4723
0.176647,2.9482
0.176662,8.5431
0.176682,2.1325
0.176734,5.9794
0.176837,0.8772
0.176853,8.2715
0.176864,1.4056
0.176870,7.2509
0.176875,1.215
0.176897,5.2813
0.176927,12.713
0.176951,2.1367
0.176957,0.4846
0.177055,6.2906
0.177082,2.1592
0.177087,5.9484
0.177092,1.9296
0.177098,7.7318
0.177103,1.2939
0.177145,5.8572
0.177217,1.8734
0.177279,6.7818
0.177337,1.1136
0.177349,3.365
0.177390,8.883
0.177412,3.0824
0.177431,12.254
0.177471,3.2743
0.177497,8.1694
0.177505,1.1996
0.177511,2.9387
0.177520,7.7269
0.177535,2.7129
0.177601,9.1038
0.177659,3.062
0.177673,8.1289
0.177685,0.9168
0.177690,4.1379
0.177696,1.5791
0.177707,4.3407
0.177726,0.2527
0.177768,10.153
0.177804,1.0539
0.177814,7.096
0.177826,1.4182
0.177873,5.2881
0.177897,0.4705
0.177909,6.649
0.177918,1.8543
0.177957,9.3003
0.178020,2.3106
0.178039,8.6284
0.178049,1.0556
0.178145,6.7558
0.178212,1.7013
0.178282,9.4636
0.178348,1.6581
0.178356,7.0824
0.178364,1.0977
0.178378,5.6423
0.178394,2.1458
0.178413,7.8313
0.178435,1.7668
0.178459,8.2153
0.178495,1.3978
0.178500,4.2826
0.178505,1.4907
0.178527,8.1669
0.178546,2.6791
0.178561,7.2789
0.178571,2.3681
0.178586,11.0984
0.178627,4.2839
0.178685,0.668
0.178690,2.7547
0.178709,9.8209
0.178736,3.1389
0.178757,7.7687
0.178769,1.1455
0.178785,5.4715
0.178799,1.2796
0.178811,10.2968
0.178821,2.202
0.178842,9.269
0.178880,0.73
0.178886,3.4041
0.178894,10.286
0.178902,3.2713
0.178918,9.4856
0.178929,1.3697
0.179015,7.521
0.179114,0.5876
0.179120,4.8865
0.179129,1.2998
0.179144,12.7022
0.179201,3.8325
0.179249,10.0832
0.179306,3.6591
0.179332,0.443
0.179402,8.8019
0.179451,1.193
0.179524,10.3033
0.179560,1.4984
0.179568,5.2637
0.179576,1.9866
0.179592,6.1147
0.179620,0.968
0.179637,11.6714
0.179663,4.2261
0.179685,1.5569
0.179709,6.1428
0.179735,1.8225
0.179757,8.1134
0.179793,3.3523
0.179809,8.4625
0.179832,1.1152
0.179882,6.2264
0.179908,1.3006
0.179944,6.5728
0.179962,0.5666
0.179971,6.3011
0.179984,1.6995
0.180004,7.8672
0.180019,2.9441
0.180027,0.9638
0.180322,6.4055
0.180565,0.8315
0.180590,5.9255
0.180625,0.7349
0.180637,7.0627
0.180647,1.8422
0.180832,7.7551
0.180929,1.1424
0.181062,9.6999
0.181092,2.0605
0.181106,7.936
0.181120,1.8669
0.181193,9.2965
0.181239,1.9152
0.181247,12.4502
0.181255,1.123
0.181283,6.065
0.181310,0.2367
0.181340,6.5685
0.181380,0.6847
0.181396,8.7525
0.181418,3.5625
0.181442,9.9023
0.181477,2.2747
0.181542,7.3324
0.181611,1.976
0.181645,8.3699
0.181668,1.6479
0.181677,4.967
0.181685,1.3886
0.181693,13.5295
0.181701,4.6896
0.181707,0.9053
0.181740,7.3211
0.181770,2.554
0.181789,9.07
0.181799,3.1644
0.181813,8.1438
0.181826,0.8178
0.181908,7.3188
0.182024,1.6778
0.182109,7.7467
0.182245,0.9435
0.182271,4.6519
0.182283,0.3337
0.182295,3.6771
0.182332,11.3621
0.182359,3.1572
0.182389,10.7812
0.182402,1.5958
0.182428,6.5759
0.182455,2.5341
0.182486,6.1817
0.182511,1.7077
0.182519,8.2643
0.182527,0.9468
0.182535,3.4297
0.182546,13.3993
0.182589,3.8118
0.182614,1.2657
0.182641,7.0563
0.182658,2.3214
0.182666,0.8202
0.182690,10.5263
0.182728,0.9645
0.182740,7.5136
0.182761,1.5827
0.182783,8.2972
0.182799,2.0942
0.182817,6.2834
0.182832,1.8585
0.182853,6.3215
0.182886,1.2744
0.183018,6.92
0.183147,1.3012
0.183155,3.5705
0.183163,0.6662
0.183173,5.6945
0.183185,0.48
0.183207,6.1703
0.183223,2.1089
0.183327,6.4227
0.183435,1.4026
0.183462,7.6661
0.183484,2.5874
0.183518,6.9318
0.183549,0.6372
0.183569,9.5932
0.183582,1.8384
0.183594,5.0365
0.183603,1.6861
0.183611,10.7857
0.183626,3.3187
0.183655,11.178
0.183663,4.0246
0.183668,1.0072
0.183681,8.7068
0.183690,1.9659
0.183795,8.4416
0.184016,2.328
0.184030,9.9807
0.184043,3.216
0.184049,0.8206
0.184097,5.5164
0.184136,1.9569
0.184146,6.1954
0.184163,1.1733
0.184179,6.8622
0.184190,1.2716
0.184198,5.2385
0.184207,2.115
0.184275,7.1473
0.184375,2.1528
0.184440,6.1515
0.184543,0.5538
0.184563,6.9869
0.184587,1.8371
0.184603,5.7882
0.184630,0.3531
0.184654,7.0923
0.184688,2.566
0.184696,0.6119
0.184708,3.7624
0.184735,9.208
0.184745,1.6783
0.184758,7.0685
0.184772,2.1975
0.184831,6.7901
0.184875,1.4919
0.184945,7.5643
0.184989,3.1292
0.185032,8.5777
0.185092,1.9935
0.185183,6.8975
0.185288,2.063
0.185308,9.5336
0.185332,0.9138
0.185355,3.5008
0.185375,0.7981
0.185495,8.4203
0.185592,0.8228
0.185601,10.0001
0.185609,2.5013
0.185675,8.1113
0.185734,1.715
0.185747,4.5384
0.185761,10.8079
0.185766,1.4321
0.185774,7.0726
0.185785,2.6644
0.185833,8.473
0.185872,1.8709
0.185911,7.5051
0.185951,2.0387
0.185957,0.6908
0.185962,9.058
0.185967,3.07
0.185977,8.1433
0.185989,1.1563
0.186006,4.2524
0.186037,10.8288
0.186120,0.9514
0.186151,7.9615
0.186198,2.2306
0.186213,9.4591
0.186241,2.8829
0.186284,10.0084
0.186323,3.6181
0.186353,9.6618
0.186364,1.812
0.186372,4.3778
0.186380,0.4832
0.186412,9.8635
0.186433,4.2326
0.186448,13.1571
0.186496,5.3402
0.186533,1.1956
0.186622,6.8331
0.186766,1.4238
0.186850,6.4062
0.186921,1.4049
0.186957,8.6179
0.186981,2.0994
0.187007,6.9535
0.187031,2.6056
0.187052,7.5414
0.187065,1.108
0.187103,6.3783
0.187212,0.2996
0.187256,7.8385
0.187321,3.1668
0.187334,10.3063
0.187366,3.7669
0.187386,1.0112
0.187452,8.4248
0.187495,0.9743
0.187550,7.1508
0.187592,2.4813
0.187616,8.2077
0.187639,2.3438
0.187647,0.314
0.187652,4.9142
0.187658,1.8979
0.187682,5.4496
0.187707,1.7785
0.187726,8.306
0.187750,0.6807
0.187758,3.1484
0.187805,7.501
0.187859,1.2126
0.187884,8.9478
0.187924,2.1096
0.187948,7.6361
0.187989,0.4519
0.188008,5.4892
0.188027,1.6468
0.188041,9.5608
0.188054,1.831
0.188117,7.9357
0.188182,2.0326
0.188194,6.9906
0.188207,1.7695
0.188280,7.527
0.188369,3.1077
0.188397,9.1031
0.188413,0.9966
0.188506,6.623
0.188603,1.9195
0.188623,8.5098
0.188647,2.4668
0.188762,7.5865
0.188859,0.9379
0.188936,6.0117
0.189076,1.7402
0.189082,8.1891
0.189094,3.2523
0.189110,11.362
0.189130,0.7715
0.189212,6.4887
0.189332,1.9958
0.189340,10.6205
0.189348,1.4194
0.189356,10.2579
0.189364,1.318
0.189385,8.7663
0.189397,2.5313
0.189435,9.9272
0.189503,1.7975
0.189514,12.5553
0.189557,4.5855
0.189594,11.6656
0.189603,1.624
0.189615,8.6867
0.189625,1.4334
0.189688,6.9959
0.189793,2.2566
0.189802,9.9258
0.189812,1.7356
0.189845,6.8289
0.189875,1.0828
0.189883,11.4919
0.189891,2.8761
0.189974,9.4065
0.190125,1.6491
0.190211,7.9154
0.190274,2.7095
0.190321,6.42
0.190353,1.3434
0.190412,6.642
0.190451,1.5596
0.190466,7.2499
0.190522,0.8634
0.190530,5.8479
0.190538,0.7564
0.190543,5.7856
0.190549,2.2465
0.190562,9.7791
0.190579,3.1322
0.190587,0.9731
0.190592,4.3528
0.190598,1.6557
0.190679,8.339
0.190749,2.5108
0.190853,7.2235
0.190902,0.3461
0.190934,5.5471
0.190989,2.3412
0.191005,8.9166
0.191027,1.6265
0.191142,7.0567
0.191267,2.2901
0.191327,8.2402
0.191365,3.0555
0.191382,8.7031
0.191402,0.2483
0.191418,5.8419
0.191448,2.2837
0.191511,7.4368
0.191565,3.1238
0.191580,8.4241
0.191611,2.7559
0.191795,8.0304
0.191853,1.3383
0.191906,7.3096
0.191929,1.4733
0.191970,6.7793
0.192000,1.0081
0.192050,6.6973
0.192073,2.2169
0.192101,6.8595
0.192179,2.2104
0.192227,8.8065
0.192255,3.4423
0.192264,0.8932
0.192306,3.4872
0.192352,11.6113
0.192364,1.3452
0.192389,5.7734
0.192413,0.7605
0.192427,3.2424
0.192448,7.9597
0.192471,2.517
0.192586,6.9203
0.192701,2.1087
0.192723,7.1864
0.192761,0.3364
0.192833,6.0418
0.192886,0.6578
0.192959,4.6879
0.193007,11.1749
0.193016,3.9873
0.193036,9.368
0.193060,1.6016
0.193080,7.1622
0.193099,2.851
0.193120,7.0437
0.193131,2.3863
0.193180,9.0746
0.193212,1.8941
0.193217,5.9888
0.193223,0.3957
0.193235,4.0498
0.193245,0.6676
0.193250,3.4995
0.193255,0.653
0.193488,7.6042
0.193565,1.1971
0.193588,6.3802
0.193614,1.2782
0.193656,4.628
0.193679,0.8513
0.193704,6.6358
0.193728,0.149
0.193808,7.8723
0.193872,2.3622
0.193947,7.5471
0.194043,2.2113
0.194065,0.5437
0.194071,3.9974
0.194101,9.7747
0.194125,3.3332
0.194173,7.7438
0.194228,1.0175
0.194276,6.0326
0.194332,1.0877
0.194344,6.9801
0.194353,0.6613
0.194359,5.2486
0.194364,1.6772
0.194386,7.4327
0.194418,1.4997
0.194476,5.8429
0.194533,1.1944
0.194582,6.0555
0.194636,2.1277
0.194648,5.5891
0.194658,0.7397
0.194663,6.3229
0.194668,0.7446
0.194717,8.3015
0.194750,1.5449
0.194766,7.8602
0.194777,2.0062
0.194825,6.3979
0.194848,1.7129
0.194915,7.3088
0.194951,1.4124
0.194967,5.5018
0.194984,1.8629
0.195026,6.5075
0.195054,1.2766
0.195079,6.6949
0.195109,1.4164
0.195126,6.7952
0.195166,2.6073
0.195177,8.2187
0.195185,1.6719
0.195222,6.534
0.195250,1.4523
0.195291,5.9022
0.195332,0.5805
0.195337,3.1789
0.195402,7.1684
0.195457,2.1489
0.195468,5.3081
0.195484,1.1377
0.195512,6.1355
0.195565,2.026
0.195577,8.2921
0.195601,2.6358
0.195694,9.3087
0.195758,3.5824
0.195772,0.5312
0.195795,4.754
0.195846,1.3128
0.195874,7.1552
0.195886,1.2333
0.195937,8.0975
0.195986,2.1854
0.196068,6.7926
0.196153,2.9942
0.196206,7.1117
0.196245,1.4991
0.196260,6.9248
0.196280,2.182
0.196288,0.5518
0.196300,1.7311
0.196316,4.8499
0.196332,1.2261
0.196359,7.2221
0.196375,1.0824
